save_file_slug,toolkit_id,name,image_path
Amulet_AbrasiveWhetstone,6sqyf9,Abrasive Whetstone,/items/amulets/abrasivewhetstone.png
Amulet_AnkhOfPower,ca8ada,Ankh of Power,/items/amulets/ankhofpower.png
Amulet_BeadsOfTheValorous,n8gqNY,Beads of the Valorous,/items/amulets/beadsofthevalorous.png
Amulet_BirthrightOfTheLost,41ookr,Birthright of the Lost,/items/amulets/birthrightofthelost.png
Amulet_BrazenAlloy,mkroo2,Brazen Amalgam,/items/amulets/brazenamalgam.png
Amulet_BrewmastersCork,6il3tm,Brewmaster's Cork,/items/amulets/brewmasterscork.png
Amulet_BrokenPocketWatch,sap1xm,Broken Pocket Watch,/items/amulets/brokenpocketwatch.png
Amulet_ButchersFetish,67s1pu,Butcher's Fetish,/items/amulets/butchersfetish.png
Amulet_CanineKeepsake,z496hr,Canine Keepsake,/items/amulets/caninekeepsake.png
Amulet_CervineKeepsake,5sfzsd,Cervine Keepsake,/items/amulets/cervinekeepsake.png
Amulet_CessationBulbel,zXxT8K,Cessation Bulbel,/items/amulets/cessationbulbel.png
Amulet_ChainsOfAmplification,5sfzsx,Chains of Amplification,/items/amulets/chainsofamplification.png
Amulet_ChefMedal,9yuvc8,Chef Medal,/items/amulets/chefmedal.png
Amulet_CleansingStone,nm7b6f,Cleansing Stone,/items/amulets/cleansingstone.png
Amulet_CoreBooster,wb4ixr,Core Booster,/items/amulets/corebooster.png
Amulet_CostOfBetrayal,hug5mz,Cost of Betrayal,/items/amulets/costofbetrayal.png
Amulet_CrisisCore,L6noPy,Crisis Core,/items/amulets/crisiscore.png
Amulet_DaredevilsCharm,ik580i,Daredevil's Charm,/items/amulets/daredevilscharm.png
Amulet_DeathsEmbrace,i13ipm,Death's Embrace,/items/amulets/deathembrace.png
Amulet_DeathSoakedIdol,ui1miz,Death-Soaked Idol,/items/amulets/deathsoakedidol.png
Amulet_DecayedMargin,dipf2o,Decayed Margin,/items/amulets/decayedmargin.png
Amulet_DetonationTrigger,3zi80a,Detonation Trigger,/items/amulets/detonationtrigger.png
Amulet_DifferenceEngine,2zr6vu,Difference Engine,/items/amulets/differenceengine.png
Amulet_DownwardSpiral,1k2x4r,Downward Spiral,/items/amulets/downwardspiral.png
Amulet_EchoChamber,rPV99a,Echo Chamber,/items/amulets/echochamber.png
Amulet_EchoOfTheForest,2VokuK,Echo of the Forest,/items/amulets/echooftheforest.png
Amulet_EffigyPendant,vkcf4e,Effigy Pendant,/items/amulets/effigypendant.png
Amulet_EffluviumEnhancer,kah85t,Effluvium Enhancer,/items/amulets/effluviumenhancer.png
Amulet_EmergencySwitch,8dcefr,Emergency Switch,/items/amulets/emergencyswitch.png
Amulet_EnergizedNeckCoil,c52jp0,Energized Neck Coil,/items/amulets/energizedneckcoil.png
Amulet_EnergyDiverter,evwgwk,Energy Diverter,/items/amulets/energydiverter.png
Amulet_EscalationProtocol,vxcn9e,Escalation Protocol,/items/amulets/escalationprotocol.png
Amulet_ExhaustValve,C22peH,Exhaust Valve,/items/amulets/exhaustvalve.png
Amulet_FragrantThorn,Hx5iNF,Fragrant Thorn,/items/amulets/fragrantthorn.png
Amulet_FullMoonCirclet,8xn7hh,Full Moon Circlet,/items/amulets/fullmooncirclet.png
Amulet_GiftOfEuphoria,70ryol,Gift of Euphoria,/items/amulets/giftofeuphoria.png
Amulet_GiftOfMelancholy,65851b,Gift of Melancholy,/items/amulets/giftofmelancholy.png
Amulet_GiftOfTheUnbound,u7am0w,Gift of the Unbound,/items/amulets/giftoftheunbound.png
Amulet_GoldenRibbon,m0l0u5,Golden Ribbon,/items/amulets/goldribbon.png
Amulet_GunfireSecurityLanyard,wbqua6,Gunfire Security Lanyard,/items/amulets/gunfiresecuritylanyard.png
Amulet_GunslingersCharm,qqg64h,Gunslinger's Charm,/items/amulets/gunslingerscharm.png
Amulet_HallowedEgg,pfew3v,Hallowed Egg,/items/amulets/hallowedegg.png
Amulet_HangmansNoose,4zvuco,,/items/amulets/hangmansnoose.png
Amulet_Hyperconductor,c0z3fy,Hyperconductor,/items/amulets/hyperconductor.png
Amulet_IndexOfTheScribe,3lzs0c,Index of the Scribe,/items/amulets/indexofthescribe.png
Amulet_IndignantFetish,dqhstq,Indignant Fetish,/items/amulets/indignantfetish.png
Amulet_InertOvercharger,k8d15f,Inert Overcharger,/items/amulets/inertovercharger.png
Amulet_InsipidTalon,65ygbg,Insipid Talon,/items/amulets/insipidtalon.png
Amulet_InsulationDriver,k1oijc,Insulation Driver,/items/amulets/insulationdriver.png
Amulet_JestersBell,lpv0qq,Jester's Bell,/items/amulets/jestersbell.png
Amulet_KineticShieldExchanger,femylz,Kinetic Shield Exchanger,/items/amulets/kineticshieldexchanger.png
Amulet_KuriKuriCharm,04yl4w,Kuri Kuri Charm,/items/amulets/kurikuricharm.png
Amulet_LaemirCenser,hwpkls,Laemir Censer,/items/amulets/laemircenser.png
Amulet_LegacyProtocol,a7axvo,Legacy Protocol,/items/amulets/legacyprotocol.png
Amulet_LetosAmulet,rpxs8n,Leto's Amulet,/items/amulets/letosamulet.png
Amulet_MagnifyingGlass,zo9Dkk,Magnifying Glass,/items/amulets/magnifyingglass.png
Amulet_MatriarchsInsignia,jlch5h,Matriarch's Insignia,/items/amulets/matriarchinsignia.png
Amulet_MoonStone,zo9Dkd,Moon Stone,/items/amulets/moonstone.png
Amulet_NavigatorsPendant,pd4ez1,Navigator's Pendant,/items/amulets/navigatorpendant.png
Amulet_NeckboneNecklace,r11n5x,Neckbone Necklace,/items/amulets/neckbonenecklace.png
Amulet_NecklaceOfFlowingLife,8q9cj1,Necklace of Flowing Life,/items/amulets/necklaceofflowinglife.png
Amulet_NecklaceOfSupremacy,dm67y5,Necklace of Supremacy,/items/amulets/necklaceofsupremacy.png
Amulet_NightmareSpiral,mewmtq,Nightmare Spiral,/items/amulets/nightmarespiral.png
Amulet_NightweaversGrudge,0aaso1,Nightweaver's Grudge,/items/amulets/nightweavergrudge.png
Amulet_NimuesRibbon,sqsdvj,Nimue's Ribbon,/items/amulets/nimuesribbon.png
Amulet_OneEyedJokerIdol,yl1ah9,One-Eyed Joker Idol,/items/amulets/oneeyedjokeridol.png
Amulet_OneTrueKingSigil,j5ew1m,One True King Sigil,/items/amulets/onetruekingsigil.png
Amulet_OnyxPendulum,ps6umu,Onyx Pendulum,/items/amulets/onyxpendulam.png
Amulet_OrnateAmulet,xz3z4k,Ornate Amulet,
Amulet_ParticipationMedal,588hoi,Participation Medal,/items/amulets/participationmedal.png
Amulet_ProfaneSoulStone,YsS9NW,Profane Soul Stone,/items/amulets/profanesoulstone.png
Amulet_QuantumMemory,542njq,Quantum Memory,/items/amulets/quantummemory.png
Amulet_RangeFinder,t7x0op,Range Finder,/items/amulets/rangefinder.png
Amulet_RavagersMark,gh0gk6,Ravager's Mark,/items/amulets/ravagermark.png
Amulet_ReactionChain,k1cwam,Reaction Chain,/items/amulets/reactionchain.png
Amulet_RedDoeSigil,xxp0ri,Red Doe Sigil,/items/amulets/reddoesigil.png
Amulet_ReedOfTheVaunnt,U2Vekv,Reed of the Vaunnt,/items/amulets/reedofthevaunnt.png
Amulet_RelayDevice,fwtqy6,Relay Device,/items/amulets/relaydevice.png
Amulet_RustedNavigatorsPendant,iq6zyc,Rusted Navigator's Pendant,/items/amulets/rustednavigatorpendant.png
Amulet_Samoflange,z7ivk2,Samoflange,/items/amulets/samoflange.png
Amulet_ScavengersBauble,j2jso0,Scavenger's Bauble,/items/amulets/scavengerbauble.png
Amulet_ShockDevice,9z1g8f,Shock Device,/items/amulets/shockdevice.png
Amulet_ShortCircuit,yuW4pJ,Short Circuit,/items/amulets/shortcircuit.png
Amulet_SilverRibbon,k8j2r3,Silver Ribbon,/items/amulets/silverribbon.png
Amulet_SinisterTotem,qwguja,Sinister Totem,/items/amulets/sinistertotem.png
Amulet_SoulAnchor,6amich,Soul Anchor,/items/amulets/soulanchor.png
Amulet_SoulStone,z7ivk3,Soul Stone,/items/amulets/soulstone.png
Amulet_SpiritWispAmulet,n1y24e,Spirit Wisp Amulet,/items/amulets/spiritwispamulet.png
Amulet_StalkersBrand,rcyafk,Stalker's Brand,/items/amulets/stalkersbrand.png
Amulet_StoneshapersChisel,41ookg,Stoneshaper's Chisel,/items/amulets/stoneshaperchisel.png
Amulet_TalismanOfTheSun,8jy9hv,Talisman of the Sun,/items/amulets/talismanofthesun.png
Amulet_TimekeepersForfeit,t4ho4m,,/items/amulets/timekeepersforfeit.png
Amulet_ToxicReleaseValve,nevpy5,Toxic Release Valve,/items/amulets/toxicreleasevalve.png
Amulet_TwistedIdol,776kn2,Twisted Idol,/items/amulets/twistedidol.png
Amulet_VengeanceIdol,1ucgis,Vengeance Idol,/items/amulets/vengeanceidol.png
Amulet_VoidIdol,rctnex,Void Idol,/items/amulets/voididol.png
Amulet_VolatileCartridge,up6mi1,Volatile Cartridge,/items/amulets/volatilecartridge.png
Amulet_WeightlessWeight,b9l389,Weightless Weight,/items/amulets/weightlessweight.png
Amulet_WhisperingMarble,2e2hh5,Whispering Marble,/items/amulets/whisperingmarble.png
Amulet_WornDogTags,69dogy,Worn Dog Tags,/items/amulets/worndogtag.png
Amulet_ZeroDivide,ryS67y,Zero Divide,/items/amulets/zerodivide.png
Amulet_ZeroHour,ozin1d,Zero Hour,/items/amulets/zerohour.png
Armor_Body_Alchemist,zk8f7a,Academic's Overcoat,/items/armors/academicsovercoat.png
Armor_Body_Archon,ivwkr5,Labyrinth Mantle,/items/armors/labyrinthmantle.png
Armor_Body_Army,batshi,Battle Shirt,/items/armors/battleshirt.png
Armor_Body_Bandit,h04d6v,Bandit Jacket,/items/armors/banditjacket.png
Armor_Body_Challenger,trz2cm,Bruiser Bodyplate,/items/armors/bruiserbodyplate.png
Armor_Body_CrimsonGuard,hz7ddb,Crimson Guard Plate,/items/armors/crimsonguardplate.png
Armor_Body_Cultist,w4emjx,Cultist Duster,/items/armors/cultistduster.png
Armor_Body_Elder,zu64t4,Elder Raiment,/items/armors/elderraiment.png
Armor_Body_Engineer,0c35xs,Technician Bodyplate,/items/armors/technicianbodyplate.png
Armor_Body_Explorer,2h9xgj,Realmwalker Tunic,/items/armors/realmwalkertunic.png
Armor_Body_FaeRoyalGuard,0sm6sn,Fae Royal Bodyplate,/items/armors/faeroyalbodyplate.png
Armor_Body_Gunslinger,uszg5g,High Noon Duds,/items/armors/highnoonduds.png
Armor_Body_Handler,ldli1k,Trainer Clothes,/items/armors/trainerclothes.png
Armor_Body_Hunter,lqrdx5,Nightstalker Garb,/items/armors/nightstalkergarb.png
Armor_Body_Invader,uoddub,Dendroid Chest,/items/armors/dendroidchest.png
Armor_Body_Invoker,ddddub,Disciple Mantle,/items/armors/disciplemantle.png
Armor_Body_Leto1,y1xt79,Leto Mark 1 Armor,/items/armors/letomark1armor.png
Armor_Body_Leto2,ioksvz,Leto Mark II Armor,/items/armors/letomark2armor.png
Armor_Body_Medic,m07a0z,Field Medic Overcoat,/items/armors/fieldmedicovercoat.png
Armor_Body_NerudWarrior,smq21h,Phetyr Chassis,/items/armors/phetyrchassis.png
Armor_Body_Radiant,dd5s6k,Radiant Protector,/items/armors/radiantprotector.png
Armor_Body_RedWidow,lude4p,Red Widow Raiment,/items/armors/redwidowraiment.png
Armor_Body_Ritualist,ym0mau,Zealot's Overcoat,/items/armors/zealotsovercoat.png
Armor_Body_SpaceWorker,jwanjw,Space Worker Body,/items/armors/spaceworkerbody.png
Armor_Body_summoner,n92z22,Knotted Cage,/items/armors/knottedcage.png
Armor_Body_Survivor,jr8r1l,Survivor Overcoat,/items/armors/survivorovercoat.png
Armor_Body_Void,rmq9je,Void Carapace,/items/armors/voidcarapace.png
Armor_Body_Warden,4rt0f9,Nanoplated Vestments,/items/armors/nanoplatedvestments.png
Armor_Gloves_Alchemist,f4tb3k,Academic's Gloves,/items/armors/academicsgloves.png
Armor_Gloves_Archon,bhw19m,Labyrinth Gauntlets,/items/armors/labyrinthgauntlets.png
Armor_Gloves_Army,batglo,Battle Gloves,/items/armors/battlegloves.png
Armor_Gloves_Bandit,b7j8ys,Bandit Gloves,/items/armors/banditgloves.png
Armor_Gloves_Challenger,80xuqr,Bruiser Gloves,/items/armors/bruisergloves.png
Armor_Gloves_CrimsonGuard,ms9geh,Crimson Guard Gauntlets,/items/armors/crimsonguardgauntlets.png
Armor_Gloves_Cultist,6jrywg,Cultist Gloves,/items/armors/cultistgloves.png
Armor_Gloves_Elder,1ijl54,Elder Gloves,/items/armors/eldergloves.png
Armor_Gloves_Engineer,11wear,Technician Gloves,/items/armors/techniciangloves.png
Armor_Gloves_Explorer,47ak51,Realmwalker Gloves,/items/armors/realmwalkergloves.png
Armor_Gloves_FaeRoyalGuard,6005lk,Fae Royal Vambraces,/items/armors/faeroyalvambraces.png
Armor_Gloves_Gunslinger,afu61j,High Noon Armguards,/items/armors/highnoonarmguards.png
Armor_Gloves_Handler,tgd095,Trainer Bracer,/items/armors/trainerbracer.png
Armor_Gloves_Hunter,xl7dm2,Nightstalker Gloves,/items/armors/nightstalkergloves.png
Armor_Gloves_Invader,6oy3xp,Dendroid Grips,/items/armors/dendroidgrips.png
Armor_Gloves_Invoker,6dy3xp,Disciple Vambraces,/items/armors/disciplevambraces.png
Armor_Gloves_Leto1,2lqg9t,Leto Mark 1 Gloves,/items/armors/letomark1gloves.png
Armor_Gloves_Leto2,nfxk7i,Leto Mark II Gloves,/items/armors/letomark2gloves.png
Armor_Gloves_Medic,7ic3gp,Field Medic Gloves,/items/armors/fieldmedicgloves.png
Armor_Gloves_NerudWarrior,i21ob4,Phetyr Crushers,/items/armors/phetyrcrushers.png
Armor_Gloves_Radiant,rjm014,Radiant Bracers,/items/armors/radiantbracers.png
Armor_Gloves_RedWidow,7uqilq,Red Widow Bracers,/items/armors/redwidowbracers.png
Armor_Gloves_Ritualist,irt51q,Zealot's Wraps,/items/armors/zealotswraps.png
Armor_Gloves_SpaceWorker,6clcha,Space Worker Gloves,/items/armors/spaceworkergloves.png
Armor_Gloves_summoner,07mqqe,Knotted Gloves,/items/armors/knottedgloves.png
Armor_Gloves_Survivor,ws5jah,Survivor Gloves,/items/armors/survivorgloves.png
Armor_Gloves_Void,a527cd,Void Wraps,/items/armors/voidwraps.png
Armor_Gloves_Warden,1asxjo,Nanoplated Hands,/items/armors/nanoplatedhands.png
Armor_Head_Alchemist,9qo2gg,Academic's Hat,/items/armors/academicshat.png
Armor_Head_Archon,im7fm2,Labyrinth Headplate,/items/armors/labyrinthheadplate.png
Armor_Head_Army,nathem,Battle Helmet,/items/armors/battlehelmet.png
Armor_Head_Bandit,v66pgu,Bandit's Mask,/items/armors/banditsmask.png
Armor_Head_BloodlessCrown,o5fNZw,Bloodless Crown,/items/armors/bloodlesscrown.png
Armor_Head_Challenger,bd4pam,Bruiser Helmet,/items/armors/bruiserhelmet.png
Armor_Head_CrimsonGuard,ce8izt,Crimson Guard Shroud,/items/armors/crimsonguardshroud.png
Armor_Head_Cultist,x9jrx1,Cultist Hat,/items/armors/cultisthat.png
Armor_Head_Elder,fek1ml,Elder Headdress,/items/armors/elderheaddress.png
Armor_Head_Engineer,gsctum,Technician Helmet,/items/armors/technicianhelmet.png
Armor_Head_Explorer,abhqna,Realmwalker Beret,/items/armors/realmwalkerberet.png
Armor_Head_FaeRoyalGuard,88kdl6,Fae Royal Headcover,/items/armors/faeroyalheadcover.png
Armor_Head_FieldCap,48nh1x,Field Medic Hat,/items/armors/fieldmedichat.png
Armor_Head_Gunslinger,94xkn1,High Noon Hat,/items/armors/highnoonhat.png
Armor_Head_Handler,m8wgy9,Trainer Cap,/items/armors/trainercap.png
Armor_Head_Hunter,zy1ce3,Nightstalker Shroud,/items/armors/nightstalkershroud.png
Armor_Head_Invader,y7fa8n,Dendroid Mask,/items/armors/dendroidmask.png
Armor_Head_Invoker,y7fa8d,Disciple Headpiece,/items/armors/discipleheadpiece.png
Armor_Head_Leto1,kc4dc0,Leto Mark 1 Helmet,/items/armors/letomark1helmet.png
Armor_Head_Leto2,sdsybp,Leto Mark II Helmet,/items/armors/letomark2helmet.png
Armor_Head_LodestoneCrown,pjt7nj,Lodestone Crown,/items/armors/lodestonecrown.png
Armor_Head_Medic,e1waki,Field Medic Mask,/items/armors/fieldmedicmask.png
Armor_Head_MudtoothsHat,u7PqrJ,,/items/armors/mudtoothshat.png
Armor_Head_NerudWarrior,3emu93,Phetyr Sensor,/items/armors/phetyrsensor.png
Armor_Head_PilotsHelm,ovnzhv,Navigator's Helm,/items/armors/navigatorshelm.png
Armor_Head_Radiant,hv4oqq,Radiant Visage,/items/armors/radiantvisage.png
Armor_Head_RedPrince,pu3duv,Crown of the Red Prince,/items/armors/crownoftheredprince.png
Armor_Head_RedWidow,k6zlwn,Red Widow Headdress,/items/armors/redwidowheaddress.png
Armor_Head_Ritualist,ts1v89,Zealot's Hat,/items/armors/zealotshat.png
Armor_Head_SpaceWorker,n3vlkq,Space Worker Mask,/items/armors/spaceworkermask.png
Armor_Head_summoner,oab1w0,Knotted Helm,/items/armors/knottedhelm.png
Armor_Head_TopHat,vZL5tu,Dandy Topper,/items/armors/dandytopper.png
Armor_Head_TrueCrimsonCrown,gsctud,True Crimson Crown,/items/armors/truecrimsoncrown.png
Armor_Head_Void,s7tvfn,Void Skull,/items/armors/voidskull.png
Armor_Head_Warden,2x3sxo,Nanoplated Transmitter,/items/armors/nanoplatedtransmitter.png
Armor_Head_WeldingGoggles,81jid6,Welding Goggles,/items/armors/weldinggoggles.png
Armor_Legs_Alchemist,9b43cb,Academic's Trousers,/items/armors/academicstrousers.png
Armor_Legs_Archon,td29nk,Labyrinth Treads,/items/armors/labyrinthtreads.png
Armor_Legs_Army,battra,Battle Slacks,/items/armors/battleslacks.png
Armor_Legs_Bandit,zdv44y,Bandit Trousers,/items/armors/bandittrousers.png
Armor_Legs_Challenger,pof5ii,Bruiser Boots,/items/armors/bruiserboots.png
Armor_Legs_CrimsonGuard,zk58sf,Crimson Guard Sabatons,/items/armors/crimsonguardsabatons.png
Armor_Legs_Cultist,mr4hn3,Cultist Britches,/items/armors/cultistbritches.png
Armor_Legs_Elder,tfvyyg,Elder Leggings,/items/armors/elderleggings.png
Armor_Legs_Engineer,m16oqd,Technician Greaves,/items/armors/techniciangreaves.png
Armor_Legs_Explorer,4sy6z9,Realmwalker Pantaloons,/items/armors/realmwalkerpantaloons.png
Armor_Legs_FaeRoyalGuard,pi4h8k,Fae Royal Greaves,/items/armors/faeroyalgreaves.png
Armor_Legs_Gunslinger,yccols,High Noon Soles,/items/armors/highnoonsoles.png
Armor_Legs_Handler,olwicb,Trainer Workboots,/items/armors/trainerworkboots.png
Armor_Legs_Hunter,l6utx1,Nightstalker Pants,/items/armors/nightstalkerpants.png
Armor_Legs_Invader,zwh3mb,Dendroid Leggings,/items/armors/dendroidleggings.png
Armor_Legs_Invoker,udddub,Disciple Greaves,/items/armors/disciplegreaves.png
Armor_Legs_Leto1,59uhgg,Leto Mark 1 Leggings,/items/armors/letomark1leggings.png
Armor_Legs_Leto2,t8auqk,Leto Mark II Leggings,/items/armors/letomark2leggings.png
Armor_Legs_Medic,eqcfyt,Field Medic Trousers,/items/armors/fieldmedictrousers.png
Armor_Legs_NerudWarrior,pd68a7,Phetyr Locomotor,/items/armors/phetyrlocomotor.png
Armor_Legs_Radiant,vsg3ue,Radiant Greaves,/items/armors/radiantgreaves.png
Armor_Legs_RedWidow,e4fbbu,Red Widow Leggings,/items/armors/redwidowleggings.png
Armor_Legs_Ritualist,sem0s8,Zealot's Seaboots,/items/armors/zealotsseaboots.png
Armor_Legs_SpaceWorker,rsyilr,Space Worker Legs,/items/armors/spaceworkerleggings.png
Armor_Legs_summoner,b48zw1,Knotted Greaves,/items/armors/knottedgreaves.png
Armor_Legs_Survivor,gv2eqj,Survivor Leggings,/items/armors/survivorleggings.png
Armor_Legs_Void,73lqjk,Void Greaves,/items/armors/voidgreaves.png
Armor_Legs_Warden,im4rk0,Nanoplated Waist,/items/armors/nanoplatedwaist.png
Consumable_AllSeeingEye,rw5Q9E,All-Seeing Eye,/items/consumables/allseeingeye.png
Consumable_AmmoBox,v2usqs,Ammo Box,/items/consumables/ammocrate.png
Consumable_Antidote,a34kjc,Antidote,/items/consumables/antidotesyringe.png
Consumable_Bandage,elazod,Bandage,/items/consumables/bandage.png
Consumable_BarkExtract,hqjxyn,Bark Extract,/items/consumables/barkextract.png
Consumable_BindingOrb,edaeta,Binding Orb,/items/consumables/bindingorb.png
Consumable_BlackTar,nrdcko,Black Tar,/items/consumables/blacktar.png
Consumable_BloodRoot,bisl2l,Blood Root,/items/consumables/bloodroot.png
Consumable_BottledShaedberry,qj302c,Bottled Shaedberry,/items/consumables/bottledshaedberry.png
Consumable_Brightstone,937h03,Brightstone,/items/consumables/brightstone.png
Consumable_ChilledSteam,fhm256,Chilled Steam,/items/consumables/chilledsteam.png
Consumable_ConfidenceBooster,al8yob,Confidence Booster,/items/consumables/confidencebooster.png
Consumable_DarkCider,8p2sj3,Dark Cider,/items/consumables/darkcider.png
Consumable_DarkFluid,byi9a5,Dark Fluid,/items/consumables/darkfluid.png
Consumable_DragonHeart,f96bom,Dragon Heart,/items/relics/dragonheart.png
Consumable_DransDream,3KVVwq,,/items/consumables/dransdream.png
Consumable_DriedFruit,Y8ey65,Dried Fruit,/items/consumables/driedfruit.png
Consumable_EggDrink,byi9d,Egg Drink,/items/consumables/eggdrink.png
Consumable_EtherealOrb,ffjbc9,Ethereal Orb,/items/consumables/etherealorb.png
Consumable_FaerieNeedle,aqphr5,Faerie Needle,/items/consumables/faerieneedle.png
Consumable_GulSerum,m1gznf,Gul Serum,/items/consumables/gulserum.png
Consumable_HuntersDream,PvwhJ5,,/items/consumables/huntressdream.png
Consumable_KoaraPellet,1585ah,Koara Pellet,/items/consumables/koarapellet.png
Consumable_LightExtract,E5CbP6,Light Extract,/items/consumables/lightextract.png
Consumable_LiquidEscape,xgdk68,Liquid Escape,/items/consumables/liquidescape.png
Consumable_MeatShake,4yzeco,Meat Shake,/items/consumables/meatshake.png
Consumable_MudRub,dvx5ib,Mud Rub,/items/consumables/mudrub.png
Consumable_MudToothsElixir,yduuj3,Mudtooth's Elixir,/items/consumables/mudtoothselixir.png
Consumable_MudtoothsSnakeOil,ru74g9,,/items/consumables/mudtoothssnakeoil.png
Consumable_MudToothsStew,5yrxf1,Mudtooth's Stew,/items/consumables/mudtoothsstew.png
Consumable_MudToothsTonic,p0ru94,Mudtooth's Tonic,/items/consumables/mudtoothstonic.png
Consumable_MysteryJerky,6aasor,Mystery Jerky,/items/consumables/mysteryjerkey.png
Consumable_NimuesDream,4Sv3yg,,/items/consumables/nimuesdream.png
Consumable_NumbingAgent,d715ws,Numbing Agent,/items/consumables/numbingagent.png
Consumable_OilskinBalm,0sec3n,Oilskin Balm,/items/consumables/oilskinbalm.png
Consumable_OrbOfUndoing,4g6uzA,Orb of Undoing,/items/consumables/orbofundoing.png
Consumable_PipeBomb,kfwizc,Pipe Bomb,/items/consumables/pipebomb.png
Consumable_PoisonedSpiceCapsule,6awni8,Poisoned Ambit Ember Capsule,/items/consumables/poisonedambitembercapsule.png
Consumable_ProcessedKoara,4lvdgg,Processed Koara,/items/consumables/processedkoarapellet.png
Consumable_PurifiedSalve,wzi8il,Purified Salve,/items/consumables/purifiedsalve.png
Consumable_RocketFuel,rlpblq,Rocket Fuel,/items/consumables/rocketfuel.png
Consumable_RootWalkerDream,5dUhG6,,/items/consumables/walkersdream.png
Consumable_RootWater,56vkqr,Root Water,/items/consumables/rootwater.png
Consumable_SacredLakewater,dk9yg4,Sacred Lakewater,/items/consumables/sacredlakewater.png
Consumable_SanguineVapor,kyulid,Sanguine Vapor,/items/consumables/sanguinevapor.png
Consumable_Spice,6lnae6,Ambit Ember,/items/consumables/ambitember.png
Consumable_StrongDrink,to2dcw,Strong Drink,/items/consumables/strongdrink.png
Consumable_SweetLeaf,rlpblz,Sweet Leaf,/items/consumables/sweetleaf.png
Consumable_ThaenFruit_Celestial,RCsP9c,Celestial Thaen Fruit,/items/consumables/celestialthaenfruit.png
Consumable_ThaenFruit_Elder,JU5svc,Elder Thaen Fruit,/items/consumables/elderthaenfruit.png
Consumable_ThaenFruit_Mature,3gZ3s3,Mature Thaen Fruit,/items/consumables/maturethaenfruit.png
Consumable_TimewornUnguent,li99wc,Timeworn Unguent,/items/consumables/timewornunguent.png
Consumable_TranquilityFont,l7r9sm,Tranquility Font,/items/consumables/tranquilityfont.png
Consumable_VerdantTea,qgare2,Verdant Tea,/items/consumables/verdanttea.png
Consumable_Xenoplasm,2jeq07,Xenoplasm,/items/consumables/xenoplasm.png
Engram_Alchemist,67pme7,Alchemist,/items/archetypes/alchemist.png
Engram_Archon,og1fvq,Archon,/items/archetypes/archon.png
Engram_Challenger,wm2xsy,Challenger,/items/archetypes/challenger.png
Engram_Engineer,98i1ka,Engineer,/items/archetypes/engineer.png
Engram_Explorer,la3vvu,Explorer,/items/archetypes/explorer.png
Engram_Gunslinger,d2qga5,Gunslinger,/items/archetypes/gunslinger.png
Engram_Handler,aazlxe,Handler,/items/archetypes/handler.png
Engram_Hunter,5tkqdz,Hunter,/items/archetypes/hunter.png
Engram_Invader,0ipjpk,Invader,/items/archetypes/invader.png
Engram_Invoker,Y2NhrX,Invoker,/items/archetypes/invoker.png
Engram_Medic,d6fvmc,Medic,/items/archetypes/medic.png
Engram_Ritualist,1q7z9d,Ritualist,/items/archetypes/ritualist.png
Engram_Summoner,og0bwx,Summoner,/items/archetypes/summoner.png
Engram_Warden,tn0x3c,Warden,/items/archetypes/warden.png
MetaGem_Bandit,f9tqot,Bandit,/items/mutators/bandit.png
MetaGem_Battery,n5zhws,Battery,/items/mutators/battery.png
MetaGem_BattleMage,y5hY8J,Battle Mage,/items/mutators/battle_mage.png
MetaGem_BottomFeeder,90i71b,Spirit Feeder,/items/mutators/bottom_feeder.png
MetaGem_BottomHeavy,8lg493,Bottom Heavy,/items/mutators/bottom_heavy.png
MetaGem_Bulletweaver,cr22cp,Bulletweaver,/items/mutators/bulletweaver.png
MetaGem_ChargedWounds,77hc49,Charged Wounds,/items/mutators/chargedwounds.png
MetaGem_DeadlyCalm,ssvo08,Deadly Calm,/items/mutators/deadly_calm.png
MetaGem_Dervish,9htayl,Dervish,/items/mutators/dervish.png
MetaGem_Detonator,fgs17j,Detonator,/items/mutators/detonator.png
MetaGem_Disengage,3kadzw,Disengage,/items/mutators/disengage.png
MetaGem_Dreadful,zcqbti,Dreadful,/items/mutators/dreadful.png
MetaGem_Edgelord,mpxowx,Edgelord,/items/mutators/edgelord.png
MetaGem_Executor,pynv5l,Executor,/items/mutators/executor.png
MetaGem_Extender,pszxmh,Extender,/items/mutators/extender.png
MetaGem_Failsafe,0xx8tz,Failsafe,/items/mutators/failsafe.png
MetaGem_FarSighted,QJdhx2,Far-Sighted,/items/mutators/far-sighted.png
MetaGem_Feedback,75qok3,Feedback,/items/mutators/feedback.png
MetaGem_FetidWounds,b07g02,Fetid Wounds,/items/mutators/fetid_wounds.png
MetaGem_GhostShell,85c7yj,Ghost Shell,/items/mutators/ghost_shell.png
MetaGem_Gladiator,N4LpPR,Gladiator,/items/mutators/gladiator.png
MetaGem_Guts,961d6v,Guts,/items/mutators/guts.png
MetaGem_Harmonizer,jyl055,Harmonizer,/items/mutators/harmonizer.png
MetaGem_HiddenPower,9154v1,Hidden Power,/items/mutators/hiddenpower.png
MetaGem_HyperCharger,mh4scd,Hyper Charger,/items/mutators/hyper_charger.png
MetaGem_Ingenuity,mkbquc,Ingenuity,/items/mutators/ingenuity.png
MetaGem_Insulator,9x521w,Insulator,/items/mutators/insulator.png
MetaGem_KillSwitch,rzfptj,Kill Switch,/items/mutators/kill_switch.png
MetaGem_Latency,nft2cp,Latency,/items/mutators/latency.png
MetaGem_Lithely,s2z9cc,Lithely,/items/mutators/lithely.png
MetaGem_Maelstrom,4m2lg1,Maelstrom,/items/mutators/maelstrom.png
MetaGem_Misfortune,imqrfz,Misfortune,/items/mutators/misfortune.png
MetaGem_Momentum,cvbjvd,Momentum,/items/mutators/momentum.png
MetaGem_NearSighted,7Y9hfZ,Near-Sighted,/items/mutators/near-sighted.png
MetaGem_Opportunist,qca3zh,Opportunist,/items/mutators/opportunist.png
MetaGem_Overdrive,mjzb0f,Overdrive,/items/mutators/overdrive.png
MetaGem_PressurePoint,EV4ULr,Pressure Point,/items/mutators/pressure_point.png
MetaGem_Prophecy,lo6uce,Prophecy,/items/mutators/prophecy.png
MetaGem_Refunder,fcl7u2,Refunder,/items/mutators/refunder.png
MetaGem_Reinvigorate,5bfv3p,Reinvigorate,/items/mutators/reinvigorate.png
MetaGem_Repercussion,jbrq12,Repercussion,/items/mutators/repercussion.png
MetaGem_Resentment,ha3amj,Resentment,/items/mutators/resentment.png
MetaGem_SearingWounds,9htako,Searing Wounds,/items/mutators/searing_wounds.png
MetaGem_SequencedShot,23ztdj,Sequenced Shot,/items/mutators/sequenced_shot.png
MetaGem_ShieldBreaker,bhov5r,Shielded Strike,/items/mutators/shielded_strike.png
MetaGem_Shocker,7js906,Shocker,/items/mutators/shocker.png
MetaGem_Slayer,h98e7b,Slayer,/items/mutators/slayer1.png
MetaGem_Sleeper,xim1sx,Sleeper,/items/mutators/sleeper.png
MetaGem_Spellweaver,5Brz87,Spellweaver,/items/mutators/spellweaver.png
MetaGem_SpiritHealer,hk1k7k,Spirit Healer,/items/mutators/spirit_healer.png
MetaGem_Steadfast,yibeww,Steadfast,/items/mutators/steadfast.png
MetaGem_Stormbringer,m87yf6,Stormbringer,/items/mutators/stormbringer.png
MetaGem_Striker,27rynt,Striker,/items/mutators/striker.png
MetaGem_Supercharger,omeu3c,Supercharger,/items/mutators/supercharger.png
MetaGem_SuperHeated,97fccn,Superheated,/items/mutators/superheated.png
MetaGem_TaintedBlade,f32skd,Tainted Blade,/items/mutators/tainted_blade.png
MetaGem_ThousandCuts,r8jxFF,Thousand Cuts,/items/mutators/thousand_cuts.png
MetaGem_Timewave,dynus4,Timewave,/items/mutators/timewave.png
MetaGem_TopHeavy,fknx4t,Top Heavy,/items/mutators/top_heavy.png
MetaGem_Transference,0osd64,Transference,/items/mutators/transference.png
MetaGem_Transpose,1cxn5s,Transpose,/items/mutators/transpose.png
MetaGem_TwistingWounds,7eodps,Twisting Wounds,/items/mutators/twisting_wounds.png
MetaGem_VampireBlade,dhwqt4,Vampire Blade,/items/mutators/vampire_blade.png
MetaGem_VengefulStrike,8h8a9w,Vengeful Strike,/items/mutators/vengeful_strike.png
MetaGem_VolatileStrike,qej6k5,Volatile Strike,/items/mutators/volatilestrike.png
MetaGem_WeaponLord,w6gpz2,Weaponlord,/items/mutators/weaponlord.png
Mod_AbrasiveRounds,h9k5pd,Abrasive Rounds,/items/mods/abrasiverounds.png
Mod_Aftermath,vi86jx,Aftermath,/items/mods/aftermath.png
Mod_AstralBurst,mqta6g,Astral Burst,/items/mods/astralburst.png
Mod_Banish,k7z7r2,Banish,/items/mods/banish.png
Mod_BetaRay,5ke493,Beta Ray,/items/mods/betaray.png
Mod_BigBang,s7ozpe,Big Bang,/items/mods/bigbang.png
Mod_BloodDraw,ss7zwt,Blood Draw,/items/mods/blooddraw.png
Mod_Bloodline,yxxajn,Bloodline,/items/mods/bloodline.png
Mod_Bloodshot,tw8tbh,Bloodshot,/items/mods/bloodshot.png
Mod_Bore,iq4wjy,Bore,/items/mods/bore.png
Mod_ChaosDriver,dxnd9s,Chaos Driver,/items/mods/chaosdriver.png
Mod_ConcussiveShot,an140h,Concussive Shot,/items/mods/concussiveshot.png
Mod_CorrosiveRounds,hr3g7o,Corrosive Rounds,/items/mods/corrosiverounds.png
Mod_CreepingMist,a3ctlf,Creeping Mist,/items/mods/creepingmist.png
Mod_CubeRoom,2nMTRG,Cube Room,/items/mods/cuberoom.png
Mod_CubeShield,1bfanq,Cube Shield,/items/mods/cubeshield.png
Mod_Deadwood,k7z7rz,Deadwood,/items/mods/deadwood.png
Mod_DeathBrand,d3q99g,Death Brand,/items/mods/corrupted_deathbrand.png
Mod_Defrag,3hqdob,Defrag,/items/mods/defrag.png
Mod_Dreadwalker,ybej3w,Dreadwalker,/items/mods/dreadwalker.png
Mod_EnergyWall,8uluwc,Energy Wall,/items/mods/energywall.png
Mod_Eulogy,3xf7i2,Eulogy,/items/mods/eulogy.png
Mod_ExplosiveShot,hpfdzp,Explosive Shot,/items/mods/explosiveshot.png
Mod_Familiar,sccdmt,Familiar,/items/mods/familiar.png
Mod_Fargazer,yedqs6,Fargazer,/items/mods/fargazer.png
Mod_Firestorm,snlx8w,Firestorm,/items/mods/firestorm.png
Mod_FlyingBombTrap,2GWpcL,Flying Bomb Trap,/items/mods/flyingbombtrap.png
Mod_FusionCannon,D8obdv,Fusion Cannon,/items/mods/fusioncannon.png
Mod_GravityCore,kep3kb,Gravity Core,/items/mods/gravitycore.png
Mod_GuardiansCall,anhbhf,Twisted Arbalest,/items/mods/guardianscall.png
Mod_GuardiansVigil,WzXG4x,Corrupted Arbalest,/items/mods/guardiansfury.png
Mod_HarvesterBots,vk6XTW,Harvester Bots,/items/mods/harvesterbots.png
Mod_HealingShot,vc361n,Healing Shot,/items/mods/healingshot.png
Mod_HeatSink,s49h0c,Heat Sink,/items/mods/heatsink.png
Mod_Heatwave,vc3s1n,Heatwave,/items/mods/heatwave.png
Mod_Helix,1mtqkk,Helix,/items/mods/helix.png
Mod_Hotshot,9vzb9r,Hot Shot,/items/mods/hotshot.png
Mod_IndomitableStrike,778jv8,Indomitable Strike,/items/mods/indomitablestrike.png
Mod_Kilonova,4hu8s0,Kilonova,/items/mods/kilonova.png
Mod_KnightGuard,e4n1w4,Knight Guard,/items/mods/knightguard.png
Mod_LoathTheWeak,aobtw7,Loathe the Weak,/items/mods/loaththeweak.png
Mod_MegaDrive,5s9x12,Mega Drive,/items/mods/megadrive.png
Mod_Micronova,8izb2g,Micronova,/items/mods/corrupted_micronova.png
Mod_MoonlightBarrage,wfak3h,Moonlight Barrage,/items/mods/moonlightbarrage.png
Mod_Mortar,ysz4fw,Deadpoint,/items/mods/corrupted_deadpoint.png
Mod_NanoPhase,WARGv3,Nano Phase,/items/mods/nanophase.png
Mod_NanoSwarm,8ko9zz,Nano Swarm,/items/mods/nanoswarm.png
Mod_Ouroboros,czgb8w,Ouroboros,/items/mods/ouroboros.png
Mod_Overflow,tya9an,Overflow,/items/mods/overflow.png
Mod_PhantomBlade,t1ugnb,Phantom Blade,/items/mods/phantomblade.png
Mod_Polyactuator,777968,77 79 68,/items/mods/polygun.png
Mod_PrismaticDriver,vtcg3o,Prismatic Driver,/items/mods/prismaticdriver.png
Mod_RecoilDampener,Rix6Sr,Recoil Dampener,/items/mods/recoildampener.png
Mod_RingOfSpears,4rdl8r,Ring of Spears,/items/mods/ringofspears.png
Mod_Rootlash,nfw6ja,Rootlash,/items/mods/rootlash.png
Mod_RottedArrow,vgin4w,Rotted Arrow,/items/mods/rottedarrow.png
Mod_Sandstorm,ozNPv9,Sandstorm,/items/mods/sandstorm.png
Mod_ScrapShot,hcv400,Scrap Shot,/items/mods/scrapshot.png
Mod_Screamer,4aeebu,Screamer,/items/mods/screamer.png
Mod_Shatterstar,z9e8qq,Shatterstar,/items/mods/shatterstar.png
Mod_ShieldingShot,DUs5M2,Shielding Shot,/items/mods/shieldingshot.png
Mod_Skewer,cpvech,Skewer 2.0,/items/mods/skewer.png
Mod_SongOfEafir,edm644,Song of Eafir,/items/mods/songofeafir.png
Mod_Soulbinder,5bb0mv,Soulbinder,/items/mods/soulbinder.png
Mod_Soulbrand,imk8xh,Soul Brand,/items/mods/soulbrand.png
Mod_SpaceCrabs,4wd3gm,Space Crabs,/items/mods/spacecrabs.png
Mod_SporeShot,9fi67v,Spore Shot,/items/mods/sporeshot.png
Mod_Starfall,j9wkb3,Starfall,/items/mods/starfall.png
Mod_StasisBeam,rer73h,Stasis Beam,/items/mods/stasisbeam.png
Mod_Supernova,9rxk65,Supernova,/items/mods/supernova.png
Mod_TimeLapse,nn1q6k,Time Lapse,/items/mods/timelapse.png
Mod_Tremor,g6glpj,Tremor,/items/mods/tremor.png
Mod_Voidlight,0ycjs9,Voidlight,/items/mods/voidlight.png
Mod_VoltaicRondure,wjopwy,Voltaic Rondure,/items/mods/voltaicrondure.png
Mod_WillOfTheWisp,9jwTXR,Will of the Wisp,/items/mods/willofthewisp.png
Mod_Windfall,82v8kz,Windfall,/items/mods/corrupted_windfall.png
Mod_Witchfire,ggf5qe,Witchfire,/items/mods/witchfire.png
Perk_Amplify,yro37y,Amplify,/items/perks/archon_amplify.png
Perk_Backbone,z2xo76,Backbone,/items/perks/medic_backbone.png
Perk_Benefactor,bp9pr7,Benefactor,/items/perks/medic_benefactor.png
Perk_Benevolence,t2fc7j,Benevolence,/items/perks/medic_benevolence.png
Perk_BestFriend,8vh7yq,Best Friend,/items/perks/handler_bestfriend.png
Perk_Bonded,d58t4k,Bonded,/items/perks/handler_bonded.png
Perk_Bypass,i9tjgk,Circumvent,/items/perks/invader_circumvent.png
Perk_CloseQuarters,f4jx9k,Close Quarters,/items/perks/challenger_closequarters.png
Perk_Communion,GV9bDr,Communion,/items/perks/invoker_communion.png
Perk_DarkBlood,qqhkw9,Dark Blood,/items/perks/ritualist_darkblood.png
Perk_Deadeye,c4fx8u,Deadeye,/items/perks/hunter_deadeye.png
Perk_DeadToRightsV3,s8eytq,Dead to Rights,/items/perks/hunter_deadtorights.png
Perk_DieHard,je27uv,Die Hard,/items/perks/challenger_diehard.png
Perk_Dominator,tu8pcp,Dominator,/items/perks/summoner_dominator.png
Perk_Dynamic,no6oxo,Dynamic,/items/perks/warden_dynamic.png
Perk_Entranced,Y9Tj7F,Entranced,/items/perks/invoker_entranced.png
Perk_Experimentalist,cxnnz9,Experimentalist,/items/perks/alchemist_experimentalist.png
Perk_FaceOfDanger,7dvm5a,Face of Danger,/items/perks/challenger_faceofdanger.png
Perk_GoldToLead,3a9dd2,Gold to Lead,/items/perks/alchemist_goldtolead.png
Perk_HeartOfThePack,z3sz58,Spirit of the Wolf,/items/perks/handler_spiritofthewolf.png
Perk_HeavyMobility,htf7h4,Heavy Mobility,/items/perks/engineer_heavymobility.png
Perk_HighTech,98qnpc,High Tech,/items/perks/engineer_hightech.png
Perk_Incite,d82mwz,Incite,/items/perks/summoner_incite.png
Perk_IntimidatingPresence,c92847,Intimidating Presence,/items/perks/challenger_intimidatingpresence.png
Perk_Intuition,8d4diq,Intuition,/items/perks/hunter_intuition.png
Perk_Invigorated,errks7,Invigorated,/items/perks/medic_invigorated.png
Perk_LiquidCourage,5exhee,Liquid Courage,/items/perks/alchemist_liquidcourage.png
Perk_Loaded,m6pvhd,Loaded,/items/perks/gunslinger_loaded.png
Perk_Loophole,d5qedi,Loophole,/items/perks/invader_loophole.png
Perk_Lucky,82y94m,Lucky,/items/perks/explorer_lucky.png
Perk_Lucky,y6x5dr,Scavenger,/items/perks/explorer_scavenger.png
Perk_MagneticField,w6v2o6,Magnetic Field,/items/perks/engineer_magneticfield.png
Perk_MetalDetector,w838yg,Metal Detector,/items/perks/explorer_metaldetector.png
Perk_Metalworker,2hcif5,Metalworker,/items/perks/engineer_metalworker.png
Perk_MindAndBody,T2U4dZ,Mind and Body,/items/perks/invoker_mindandbody.png
Perk_Outrage,t8bb9k,Outrage,/items/perks/summoner_outrage.png
Perk_Override,decoy8,Override,/items/perks/invader_override.png
Perk_PackHunter,485uc9,Pack Hunter,/items/perks/handler_packhunter.png
Perk_Panacea,49i5jm,Panacea,/items/perks/alchemist_panacea.png
Perk_PosseUp,ajobx6,Posse Up,/items/perks/gunslinger_posseup.png
Perk_PowerCreep,7ay3kh,Power Creep,/items/perks/archon_powercreep.png
Perk_PowerLeak,h42e2n,Power Leak,/items/perks/archon_powerleak.png
Perk_PowerLifter,8p55rw,Powerlifter,/items/perks/challenger_powerlifter.png
Perk_Prospector,o5q3p9,Prospector,/items/perks/explorer_prospector.png
Perk_Purge,tr5r38,Purge,/items/perks/ritualist_purge.png
Perk_QuickHands,496x8y,Quick Hands,/items/perks/gunslinger_quickhands.png
Perk_Regenerator,io3m7t,Regenerator,/items/perks/medic_regenerator.png
Perk_Residue,fzywc2,Residue,/items/perks/summoner_residue.png
Perk_ReturnToSender,oyjp3t,Return to Sender,/items/perks/hunter_returntosender.png
Perk_Ruthless,tmc2tk,Ruthless,/items/perks/summoner_ruthless.png
Perk_SelfDiscovery,rvb63g,Self Discovery,/items/perks/explorer_selfdiscovery.png
Perk_ShadowNEW,yg77rq,Shadow,/items/perks/invader_shadow.png
Perk_SHARK,59swqq,S.H.A.R.K.,/items/perks/invader_shark.png
Perk_SleightOfHand,fspt8u,Sleight of Hand,/items/perks/gunslinger_sleightofhand.png
Perk_Soothsayer,j7e5Bb,Soothsayer,/items/perks/invoker_soothsayer.png
Perk_Spirited,rx6e2w,Spirited,/items/perks/alchemist_spirited.png
Perk_SpiritWithin,5fz7xr,Spirit Within,/items/perks/archon_spiritwithin.png
Perk_Surplus,2k4yzk,Surplus,/items/perks/engineer_surplus.png
Perk_SwiftShot,7mbvc3,Swift Shot,/items/perks/gunslinger_swiftshot.png
Perk_Teamwork,y36q6p,Teamwork,/items/perks/handler_teamwork.png
Perk_Tempest,dh2wih,Tempest,/items/perks/archon_tempest.png
Perk_Terrify,h3ag53,Terrify,/items/perks/ritualist_terrify.png
Perk_Urgency,98yqyq,Urgency,/items/perks/hunter_urgency.png
Perk_WardenContingency,odd85z,Contingency,/items/perks/warden_contingency.png
Perk_WardenEnergize,c6k3ke,Energize,/items/perks/warden_energize.png
Perk_WardenGalvanize,1yfbk0,Galvanize,/items/perks/warden_galvanize.png
Perk_WardenSafeguard,w3gyt0,Safeguard,/items/perks/warden_safeguard.png
Perk_Wrath,6wc56t,Wrath,/items/perks/ritualist_wrath.png
PrimePerk_Vile,qewh6t,Vile,/items/perks/ritualist_vile.png
PrimePerk_Visionary,hYsQ4M,Visionary,/items/perks/invoker_visionary.png
PrismOfGreed,zn2x47,Prism of Greed,/items/prisms/prismofgreed.png
PrismOfHatred,t15adx,Prism of Hatred,/items/prisms/prismofhatred.png
PrismOfJealousy,ked8b3,Prism of Jealousy,/items/prisms/prismofjealousy.png
PrismOfLethargy,0nbaj2,Prism of Lethargy,/items/prisms/prismoflethargy.png
PrismOfPassion,j2uus8,Prism of Passion,/items/prisms/prismofpassion.png
PrismOfPride,03034f,Prism of Pride,/items/prisms/prismofpride.png
PrismOfVoracity,16tce1,Prism of Voracity,/items/prisms/prismofvoracity.png
Relic_Consumable_BloodlessHeart,LQho3X,Bloodless Heart,/items/relics/bloodlessheart.png
Relic_Consumable_BloomingHeart,soyjpp,Blooming Heart,/items/relics/bloomingheart.png
Relic_Consumable_BrokenHeart,m71h9m,Broken Heart,/items/relics/brokenheart.png
Relic_Consumable_ConstrainedHeart,rlezcg,Constrained Heart,/items/relics/constrainedheart.png
Relic_Consumable_CrystalHeart,67tfbl,Crystal Heart,/items/relics/crystalheart.png
Relic_Consumable_DecayedHeart,vhjydw,Decayed Heart,/items/relics/decayedheart.png
Relic_Consumable_DivertingHeart,96f26y,Diverting Heart,/items/relics/divertingheart.png
Relic_Consumable_EnlargedHeart,4y2xb3,Enlarged Heart,/items/relics/enlargedheart.png
Relic_Consumable_GossamerHeart,4yjd4c,Gossamer Heart,/items/relics/gossamerheart.png
Relic_Consumable_LatentHeart,x66ure,Latent Heart,/items/relics/latentheart.png
Relic_Consumable_LifelessHeart,k1de0f,Lifeless Heart,/items/relics/lifelessheart.png
Relic_Consumable_PaperHeart,n9fm2r,Paper Heart,/items/relics/paperheart.png
Relic_Consumable_profaneHeart,4v7sf4,Profane Heart,/items/relics/profaneheart.png
Relic_Consumable_PulsingHeart,xfwkzp,Pulsing Heart,/items/relics/pulsingheart.png
Relic_Consumable_QuiltedHeart,4v7sf3,Quilted Heart,/items/relics/quiltedheart.png
Relic_Consumable_ReprocessedHeart,06pxhy,Reprocessed Heart,/items/relics/reprocessedheart.png
Relic_Consumable_ResonatingHeart,6ruk95,Resonating Heart,/items/relics/resonatingheart.png
Relic_Consumable_RipenedHeart,5azu1p,Ripened Heart,/items/relics/ripenedheart.png
Relic_Consumable_RunedHeart,yb7v4c,Runed Heart,/items/relics/runedheart.png
Relic_Consumable_SalvagedHeart,2rnl2d,Salvaged Heart,/items/relics/salvagedheart.png
Relic_Consumable_ShieldedHeart,sge99k,Shielded Heart,/items/relics/shieldedheart.png
Relic_Consumable_SiphonHeart,3awf5n,Siphon Heart,/items/relics/siphonheart.png
Relic_Consumable_TormentedHeart,rtmajx,Tormented Heart,/items/relics/tormentedheart.png
Relic_Consumable_TranquilHeart,thgp2z,Tranquil Heart,/items/relics/tranquilheart.png
Relic_Consumable_UnsulliedHeart,pj4ika,Unsullied Heart,/items/relics/unsulliedheart.png
Relic_Consumable_VoidHeart,weaetb,Void Heart,/items/relics/voidheart.png
RelicFragment_Allegiance,8vcd8r,Allegiance,/items/prisms/legendaryprism.png
RelicFragment_Altruistic,4d6v1v,Altruistic,/items/prisms/legendaryprism.png
RelicFragment_AmmoReserves,3aqiq5,Ammo Reserves,/items/relicfragments/ammo-reserves-on.png
RelicFragment_ArmorEffectiveness,7u1bma,Armor Bonus,/items/relicfragments/generic-blue-on.png
RelicFragment_ArmorFlat,h6sk9p,Base Armor,/items/relicfragments/base-armor-on.png
RelicFragment_ArtfulDodger,1n8874,Artful Dodger,/items/prisms/legendaryprism.png
RelicFragment_Bodyguard,1d6g98,Bodyguard,/items/prisms/legendaryprism.png
RelicFragment_BoundlessEnergy,6myusj,Boundless Energy,/items/prisms/legendaryprism.png
RelicFragment_Brutality,s6fkpj,Brutality,/items/prisms/legendaryprism.png
RelicFragment_CastSpeed,51y6ih,Cast Speed,/items/relicfragments/casting-speed-on.png
RelicFragment_ConsumableSpeed,omefk5,Use Speed,/items/relicfragments/use-speed-on.png
RelicFragment_CriticalDamage,xqklut,Consumable Duration,/items/relicfragments/consumable-duration-on.png
RelicFragment_CriticalDamage,0qxyqo,Critical Damage,/items/relicfragments/critical-damage-on.png
RelicFragment_CriticalSituation,p66eoa,Critical Situation,/items/prisms/legendaryprism.png
RelicFragment_DamageReduction,1pddio,Damage Reduction,/items/relicfragments/damage-reduction-on.png
RelicFragment_DarkOmen,w26htj,Dark Omen,/items/prisms/legendaryprism.png
RelicFragment_DefensiveMeasures,y7d3aq,Defense Measures,/items/prisms/legendaryprism.png
RelicFragment_EvadeDistance,qmc3th,Evade Distance,/items/relicfragments/evade-distance-on.png
RelicFragment_EvadeSpeed,kp0rff,Evade Speed,/items/relicfragments/evade-speed-on.png
RelicFragment_Exhausted,z2gbi3,Exhausted,/items/prisms/legendaryprism.png
RelicFragment_ExplosiveDamage,73x1rg,Explosive Damage,/items/relicfragments/explosive-damage-on.png
RelicFragment_FleetFooted,ky7tqc,Fleet Footed,/items/prisms/legendaryprism.png
RelicFragment_FullHearted,kteco4,Full Hearted,/items/prisms/legendaryprism.png
RelicFragment_Gigantic,ign3v0,Gigantic,/items/prisms/legendaryprism.png
RelicFragment_GodTear,o8of2m,God Tear,/items/prisms/legendaryprism.png
RelicFragment_GreyHealthRate,aci99s,Grey Health Conversion,/items/relicfragments/grey-health-conversion-on.png
RelicFragment_HealingEffectiveness,y52c32,Healing Effectiveness,/items/relicfragments/healing-effectiveness-on.png
RelicFragment_Health,j87rzn,Health Bonus,/items/relicfragments/health-bonus-on.png
RelicFragment_HealthFlat,6qz6t1,Base Health,/items/relicfragments/base-health-on.png
RelicFragment_HealthRegen,bzxa98,Health Regeneration,/items/relicfragments/health-regeneration-on.png
RelicFragment_HeatGenReduction,3ngjzr,Heat Generation,/items/relicfragments/heat-generation-on.png
RelicFragment_HeavyDrinker,fant12,Heavy Drinker,/items/prisms/legendaryprism.png
RelicFragment_Hyperactive,g1iifk,Hyperactive,/items/prisms/legendaryprism.png
RelicFragment_IdealRange,i5kymp,Weapon Ideal Range,/items/relicfragments/weapon-ideal-range-on.png
RelicFragment_Immovable,fieh22,Immovable,/items/prisms/legendaryprism.png
RelicFragment_Impervious,1mb66f,Impervious,/items/prisms/legendaryprism.png
RelicFragment_InsultToInjury,503nnp,Insult to Injury,/items/prisms/legendaryprism.png
RelicFragment_JackOfAllTrades,tfmy98,Jack of All Trades,/items/prisms/legendaryprism.png
RelicFragment_LuckOfTheDevil,vma9nj,Luck of the Devil,/items/prisms/legendaryprism.png
RelicFragment_MasterKiller,b3jspj,Master Killer,/items/prisms/legendaryprism.png
RelicFragment_MeleeAttackSpeed,t8jgpe,Melee Speed,/items/relicfragments/melee-speed-on.png
RelicFragment_MeleeCritChance,m16fn9,Melee Critical Chance,/items/relicfragments/melee-critical-chance-on.png
RelicFragment_MeleeDamage,yu7d57,Melee Damage,/items/relicfragments/melee-damage-on.png
RelicFragment_ModCritChance,iyp5r3,Mod Critical Chance,/items/relicfragments/mod-critical-chance-on.png
RelicFragment_ModDamage,zkr2us,Mod Damage,/items/relicfragments/mod-damage-on.png
RelicFragment_ModDuration,c2t1p6,Mod Duration,/items/relicfragments/mod-duration-on.png
RelicFragment_ModGeneration,pk57hf,Mod Generation,/items/relicfragments/mod-generation-on.png
RelicFragment_MovementSpeed,c0hy5s,Movement Speed,/items/relicfragments/movement-speed-on.png
RelicFragment_Outlaw,jf6i48,Outlaw,/items/prisms/legendaryprism.png
RelicFragment_Overpowered,s6n7x3,Overpowered,/items/prisms/legendaryprism.png
RelicFragment_PeakConditioning,34g3gm,Peak Conditioning,/items/prisms/legendaryprism.png
RelicFragment_Physician,qn0gc0,Physician,/items/prisms/legendaryprism.png
RelicFragment_PowerFantasy,udn5v4,Power Fantasy,/items/prisms/legendaryprism.png
RelicFragment_PowerTrip,o3w3u5,Power Trip,/items/prisms/legendaryprism.png
RelicFragment_PrimeTime,8140zw,Prime Time,/items/prisms/legendaryprism.png
RelicFragment_ProjectileSpeed,xut36z,Projectile Speed,/items/relicfragments/projectile-speed-on.png
RelicFragment_RangedChargeSpeed,6tby7d,Firearm Charge Time,/items/relicfragments/firearm-charge-time-on.png
RelicFragment_RangedCritChance,dp184t,Ranged Critical Chance,/items/relicfragments/ranged-critical-chance-on.png
RelicFragment_RangedDamage,wlnbc1,Ranged Damage,/items/relicfragments/ranged-damage-on.png
RelicFragment_RangedFireRate,w8ruyt,Ranged Fire Rate,/items/relicfragments/ranged-fire-rate-on.png
RelicFragment_ReloadSpeed,5wuf2j,Reload Speed,/items/relicfragments/reload-speed-on.png
RelicFragment_Reverberation,qx4bbk,Reverberation,/items/prisms/legendaryprism.png
RelicFragment_ReviveSpeed,0jam5w,Revive Speed,/items/relicfragments/revive-speed-on.png
RelicFragment_Sadistic,6onvd3,Sadistic,/items/prisms/legendaryprism.png
RelicFragment_Sharpshooter,7mw049,Sharpshooter,/items/prisms/legendaryprism.png
RelicFragment_ShieldDuration,f5mi7x,Shield Duration,/items/relicfragments/shield-duration-on.png
RelicFragment_ShieldEffectiveness,alp59n,Shield Amount,/items/relicfragments/shield-amount-on.png
RelicFragment_SizeMatters,n0r6bv,Size Matters,/items/prisms/legendaryprism.png
RelicFragment_SkillCooldown,2bqp66,Skill Cooldown,/items/relicfragments/skill-cooldown-on.png
RelicFragment_SkillCritChance,o5sd30,Skill Critical Chance,/items/relicfragments/skill-critical-chance-on.png
RelicFragment_SkillDamage,fuhykd,Skill Damage,/items/relicfragments/skill-damage-on.png
RelicFragment_SkillDuration,7c8uka,Skill Duration,/items/relicfragments/skill-duration-on.png
RelicFragment_Soulmate,zo1rt6,Soulmate,/items/prisms/legendaryprism.png
RelicFragment_Spectrum,wbu60g,Spectrum,/items/prisms/legendaryprism.png
RelicFragment_SpeedDemon,f80hyz,Speed Demon,/items/prisms/legendaryprism.png
RelicFragment_Stamina,qqmdc0,Stamina Bonus,/items/relicfragments/stamina-bonus-on.png
RelicFragment_StaminaFlat,4gbcn0,Base Stamina,/items/relicfragments/base-stamina-on.png
RelicFragment_StatusDamage,32immt,Status Damage,/items/relicfragments/status-damage-on.png
RelicFragment_SteelPlating,nqq5t5,Steel Plating,/items/prisms/legendaryprism.png
RelicFragment_Traitor,cya6q1,Traitor,/items/prisms/legendaryprism.png
RelicFragment_Unbreakable,0xj2m6,Unbreakable,/items/prisms/legendaryprism.png
RelicFragment_Unbridled,p3trdc,Unbridled,/items/prisms/legendaryprism.png
RelicFragment_Vaccinated,8jm01f,Vaccinated,/items/prisms/legendaryprism.png
RelicFragment_WeakspotDamage,oszz4u,Weakspot Damage,/items/relicfragments/weakspot-damage-on.png
RelicFragment_WeaponSpread,oiiiu2,Weapon Spread,/items/relicfragments/weapon-spread-on.png
RelicFragment_WeaponSwapSpeed,h9e463,Firearm Swap Speed,/items/relicfragments/weapon-swap-on.png
RelicFragment_WreckingBall,t2ro08,Wrecking Ball,/items/prisms/legendaryprism.png
Ring_AcidStone,q3qca2,Acid Stone,/items/rings/acidstone.png
Ring_AkariWarBand,9siz0d,Akari War Band,/items/rings/akariwarband.png
Ring_AlchemyStone,dgh4g8,Alchemy Stone,/items/rings/alchemystone.png
Ring_AlumniRing,ll1vsx,Alumni Ring,/items/rings/alumniring.png
Ring_AmberMoonstone,pqez3b,Amber Moonstone,/items/rings/ambermoonstone.png
Ring_AnastasijasInspiration,7fmi47,Anastasija's Inspiration,/items/rings/anastasijasinspiration.png
Ring_ArchersCrest,6bqghl,Archer's Crest,/items/rings/archerscrest.png
Ring_AssassinsSeal,8kyyav,Assassin's Seal,/items/rings/assassinsseal.png
Ring_AtaeriiBooster,27gn7b,A'Taerii Booster,/items/rings/ataeriibooster.png
Ring_AtonementFold,ez01nk,Atonement Fold,/items/rings/atonementfold.png
Ring_BandBand,mm6dj8,Band Band,/items/rings/bandband.png
Ring_BandOfAccord,id6lly,Band of Accord,/items/rings/bandofaccord.png
Ring_BandOfTheFanatic,gv12gw,Band of the Fanatic,/items/rings/bandofthefanatic.png
Ring_BerserkersCrest,pi2zf8,Berserker's Crest,/items/rings/berserkerscrest.png
Ring_BisectedRing,7usn4n,Bisected Ring,/items/rings/bisectedring.png
Ring_BitterMemento,eozlwb,Bitter Memento,/items/rings/bittermemento.png
Ring_BlackCatBand,ac27lx,Black Cat Band,/items/rings/blackcatband.png
Ring_BlackoutRing,6pzq37,Blackout Ring,/items/rings/blackoutring.png
Ring_BlackPawnStamp,7kbu25,Black Pawn Stamp,/items/rings/blackpawnstamp.png
Ring_BlackSpinel,sq8ZUN,Black Spinel,/items/rings/blackspinel.png
Ring_BlastingCapRing,ep14lr,Blasting Cap Ring,/items/rings/blastingcap.png
Ring_BlessedRing,empffm,Blessed Ring,/items/rings/blessedring.png
Ring_BloodJewel,rw8rn0,Blood Jewel,/items/rings/bloodjewel.png
Ring_BloodlessKingsVow,WHgN93,,/items/rings/bloodlesskingsvow.png
Ring_BloodTingedRing,pj7i9a,Blood Tinged Ring,/items/rings/bloodtingedring.png
Ring_BoosterRing,sdkwq2,Booster Ring,/items/rings/boosterring.png
Ring_BraidedThorns,zdkh54,Braided Thorns,/items/rings/braidedthorns.png
Ring_BrawlersPride,17ckov,Brawler's Pride,/items/rings/brawlerspride.png
Ring_BreachAccelerator,w268ge,Breach Accelerator,/items/rings/breachaccelerator.png
Ring_BridgeWardensCrest,t7sqw7,,/items/rings/bridgewardenscrest.png
Ring_BrightSteelRing,s76ytc,Dull Steel Ring,/items/rings/dullsteelring.png
Ring_BurdenOfTheAudacious,k45qer,Burden of the Audacious,/items/rings/burdenoftheaudacious.png
Ring_BurdenOfTheDeparted,syutk7,Burden of the Departed,/items/rings/burdenofthedeparted.png
Ring_BurdenOfTheDestroyer,dgb0s9,Burden of the Destroyer,/items/rings/burdenofthedestroyer.png
Ring_BurdenOfTheDivine,tvfpo7,Burden of the Divine,/items/rings/burdenofthedivine.png
Ring_BurdenOfTheExcavator,NmzR7o,Burden of the Excavator,/items/rings/burdenoftheexcavator.png
Ring_BurdenOfTheFollower,b76cdv,Burden of the Follower,/items/rings/burdenofthefollower.png
Ring_BurdenOfTheGambler,ctv31c,Burden of the Gambler,/items/rings/burdenofthegambler.png
Ring_BurdenOfTheMariner,k89bxv,Burden of the Mariner,/items/rings/burdenofthemariner.png
Ring_BurdenOfTheMason,k89bxz,Burden of the Mason,/items/rings/burdenofthemason.png
Ring_BurdenOfTheMesmer,fGFm6B,Burden of the Mesmer,/items/rings/burdenofthemesmer.png
Ring_BurdenOfTheProtector,0d9eg9,Burden of the Protector,/items/rings/burdenoftheprotector.png
Ring_BurdenOfTheRebel,z169p0,Burden of the Rebel,/items/rings/burdenoftherebel.png
Ring_BurdenOfTheSciolist,7xb5zr,Burden of the Sciolist,/items/rings/burdenofthesciolist.png
Ring_BurdenOfTheStargazer,kj85yo,Burden of the Stargazer,/items/rings/burdenofthestargazer.png
Ring_BurdenOfTheWarlock,mdu1f6,Burden of the Warlock,/items/rings/burdenofthewarlock.png
Ring_BypassPrimer,b99sey,Bypass Primer,/items/rings/bypassprimer.png
Ring_CaptainsInsignia,cu0w65,Captain's Insignia,/items/rings/captaininsignia.png
Ring_CatalogersJewel,e6da79,Cataloger's Jewel,/items/rings/catalogerjewel.png
Ring_CelerityStone,kt5ag1,Celerity Stone,/items/rings/celeritystone.png
Ring_ClearHalo,5rAV7V,Clear Halo,/items/rings/clearhalo.png
Ring_ClosedLoop,Sm4o3R,Closed Loop,/items/rings/closedloop.png
Ring_CombatShieldGenerator,zeA523,Combat Shield Generator,/items/rings/combatshieldgenerator.png
Ring_CompulsionLoop,6p71zo,Compulsion Loop,/items/rings/compulsionloop.png
Ring_ConjurersCircle,k89bxd,Conjurer's Circle,/items/rings/conjurerscircle.png
Ring_ConservationSeal,fa7066,Conservation Seal,/items/rings/conservationseal.png
Ring_ConstantVariableRing,dyr6ej,Constant Variable Ring,/items/rings/constantvariable.png
Ring_CrimsonDreamstone,s916uj,Crimson Dreamstone,/items/rings/crimsondreamstone.png
Ring_CustodiansBastion,k6Sqka,,/items/rings/custodiansbastion.png
Ring_DarkSeaArmadaCrest,Zj9qF5,Dark Sea Armada Crest,/items/rings/darkseaarmadacrest.png
Ring_DeadKingsMemento,vbxfcp,Dead King's Memento,/items/rings/deadkingsmemento.png
Ring_DeceiversBand,1dmpt8,Deceiver's Band,/items/rings/deceiversband.png
Ring_DeepPocketRing,9bnfhm,Deep Pocket Ring,/items/rings/deeppocketring.png
Ring_DefensiveActionLoop,3krgp4,Defensive Action Loop,/items/rings/defensiveactionloop.png
Ring_DemolitionCoil,6xu3sb,Demolition Coil,/items/rings/demolitioncoil.png
Ring_DenseSiliconRing,b91hx9,Dense Silicon Ring,/items/rings/densesilicon.png
Ring_DetonatingCord,267d3s,Detonating Cord,/items/rings/detonatingcord.png
Ring_DevouringLoop,l8a2e1,Devoured Loop,/items/rings/devouredloop.png
Ring_DigestedHogLure,v4yzc6,Digested Hog Lure,/items/rings/digestedhoglure.png
Ring_DisasterConverter,yry5r0,Disaster Converter,/items/rings/disasterconverter.png
Ring_DowngradedRing,h2g5z3,Embrace of Sha'Hala,/items/rings/embraceofshahala.png
Ring_DrakestonePearl,r1dqm9,Drakestone Pearl,/items/rings/drakestonepearl.png
Ring_DranMemento,fojjag,Dran Memento,/items/rings/dranmemento.png
Ring_DranScavengerSigil,5pwtei,Dran Scavenger Ring,/items/rings/dranscavengersigil.png
Ring_DreadFont,5k6zdd,Dread Font,/items/rings/dreadfont.png
Ring_DriedClayRing,ez6z8b,Dried Clay Ring,/items/rings/driedclayring.png
Ring_DrzyrSniperSigil,gtli7e,Drzyr Sniper Sigil,/items/rings/dryzrsnipersigil.png
Ring_DyingEmber,mv9b18,Dying Ember,/items/rings/dyingember.png
Ring_ElevatedRing,5dipaq,Elevated Ring,/items/rings/elevatedring.png
Ring_EmpoweringLoop,huu4fi,Empowering Loop,/items/rings/empoweringloop.png
Ring_EncryptedLoop,g1u6gi,Encrypted Ring,/items/rings/encryptedring.png
Ring_EndairasEndlessLoop,bx0ulq,Endaira's Endless Loop,/items/rings/endairasendlessloop.png
Ring_ExcessCoil,l5gfd1,Excess Coil,/items/rings/excesscoil.png
Ring_FaeBruiserRing,t2ct6r,Fae Bruiser Ring,/items/rings/faebruiserring.png
Ring_FaeHunterRing,i4wkw2,Fae Hunter Ring,/items/rings/faehunterring.png
Ring_FaelinsSigil,drjm15,Faelin's Sigil,/items/rings/faelinsigil.png
Ring_FaeProtectorSignet,f2j9er,Fae Protector Signet,/items/rings/faeprotectorsignet.png
Ring_FaerinsSigil,02wal9,Faerin's Sigil,/items/rings/faerinsigil.png
Ring_FaeShamanRing,7okl48,Fae Shaman Ring,/items/rings/faeshamanring.png
Ring_FaeWarriorRing,6ypnyx,Fae Warrior Ring,/items/rings/faewarriorring.png
Ring_FeastmastersSignet,5q53ke,Feastmaster's Signet,/items/rings/feastmastersignet.png
Ring_FeatheryBinding,zXq2H7,Feathery Binding,/items/rings/featherybinding.png
Ring_FeedbackLoop,j13xrf,Feedback Loop,/items/rings/feedbackloop.png
Ring_FeedingTube,ic2sn8,Feeding Tube,/items/rings/feedingtube.png
Ring_FireStone,go5hz8,Fire Stone,/items/rings/firestone.png
Ring_FloodlitDiamond,z9YJih,Floodlit Diamond,/items/rings/floodlitdiamond.png
Ring_FlyweightsSting,1qg7a8,Flyweight's Sting,/items/rings/flyweightsting.png
Ring_FocusedJewel,o7grsg,Focusing Shard,/items/rings/focusedjewel.png
Ring_ForceMultiplier,9E5qGu,Force Multiplier,/items/rings/forcemultiplier.png
Ring_FrivolousBand,4j9wo9,Frivolous Band,/items/rings/frivolousband.png
Ring_GalvanizedResupplyBand,y23znz,Galvanized Resupply Band,/items/rings/galvanizedresupplyband.png
Ring_GameMastersPride,4dstmt,,/items/rings/gamemasterspride.png
Ring_GeneratingBand,fg8su2,Generating Band,/items/rings/generatingband.png
Ring_GroundingStone,o7vaf6,Grounding Stone,/items/rings/groundingstone.png
Ring_GuardiansRing,yvo3jd,,/items/rings/guardiansring.png
Ring_GulSignet,xG9CQJ,Gul Signet,/items/rings/gulsignet.png
Ring_GunslingersRing,976r2x,,/items/rings/gunslingersring.png
Ring_HardcoreMetalBand,f2ooga,Hardcore Metal Band,/items/rings/hardcoremetalband.png
Ring_HardenedCoil,pvwud6,Hardened Coil,/items/rings/hardenedcoil.png
Ring_HaymakersRing,8azdr4,,/items/rings/haymakersring.png
Ring_HeartOfTheWolf,x74y2q,Heart of the Wolf,/items/rings/heartofthewolf.png
Ring_HexWard,y45ad6,Hex Ward,/items/rings/hexward.png
Ring_ImpactAugment,9v791d,Impact Augment,/items/rings/impactaugment.png
Ring_InfinityPocket,7EmKj6,Infinity Pocket,/items/rings/infinitypocket.png
Ring_JewelOfTheBeholden,sosywj,Jewel of the Beholden,/items/rings/jewelofthebeholden.png
Ring_KineticCycleStone,kpxowa,Kinetic Cycle Stone,/items/rings/kineticcyclestone.png
Ring_KolketEyelet,dp4w2B,Kolket Eyelet,/items/rings/kolketeyelet.png
Ring_LeakingGemstone,t5dv6X,Leaking Gemstone,/items/rings/leakinggemstone.png
Ring_LighthouseKeepersRing,t8u4k1,Lighthouse Keeper's Ring,/items/rings/lighthousekeepersring.png
Ring_LithicSignet,hs5tok,Lithic Signet,/items/rings/lithicsignet.png
Ring_LodestoneRing,sye1ay,Lodestone Ring,/items/rings/lodestonering.png
Ring_LowYieldRecoveryRing,l2dwy4,Low Yield Recovery Ring,/items/rings/lowyieldrecovery.png
Ring_MarkOfTheDestroyer,E7fQdZ,Mark of the Destroyer,/items/rings/markofthedestroyer.png
Ring_MatriarchsRing,R3fM4y,,/items/rings/matriarchsring.png
Ring_MechanicsCog,ngue5b,Mechanic's Cog,/items/rings/mechaniccog.png
Ring_MetalDriver,o7byap,Metal Driver,/items/rings/metaldriver.png
Ring_MeteoriteShardRing,ayje99,Meteorite Shard Ring,/items/rings/meteoriteshardring.png
Ring_Microcompressor,rtfwr5,Microcompressor,/items/rings/microcompressor.png
Ring_MomentumDriver,la9qe1,Momentum Driver,/items/rings/momentumdriver.png
Ring_MortalCoil,m8xta9,Mortal Coil,/items/rings/mortalcoil.png
Ring_NanoFiberStrand,0sb21d,Nanofiber Strand,/items/rings/nanofiberstrand.png
Ring_NightmareSigil,JuMRf8,Nightmare Sigil,/items/rings/nightmaresigil.png
Ring_OfferingStone,p71mik,Offering Stone,/items/rings/offeringstone.png
Ring_OutcastRing,b195vq,Outcast Ring,/items/rings/outcastring.png
Ring_PainlessObsidian,6y14c4,Painless Obsidian,/items/rings/painlessobsidian.png
Ring_PanMageSigil,azy0pj,Ahanae Crystal,/items/rings/ahanaecrystal.png
Ring_PanWarBand,eBxG7w,Pan War Band,/items/rings/panwarband.png
Ring_PhantomPain,r6xmgj,Ring of Phantom Pain,/items/rings/ringofphantompain.png
Ring_PointFocusRing,gg6srx,Point Focus Ring,/items/rings/pointfocusring.png
Ring_PowerComplex,oavdxw,Power Complex,/items/rings/powercomplex.png
Ring_PowerSaver,7i0yzu,Power Saver,/items/rings/powersaver.png
Ring_ProbabilityCord,0k8d0g,Probability Cord,/items/rings/probabilitycord.png
Ring_PropulsionLoop,uydz9a,Propulsion Loop,/items/rings/propulsionloop.png
Ring_ProvisionerRing,8i7o4p,Provisioner Ring,/items/rings/provisionerring.png
Ring_RallyBand,7XdP4g,Rally Band,/items/rings/rallyband.png
Ring_RavagersBargain,kqddup,Ravager's Bargain,/items/rings/ravagersbargain.png
Ring_ReapingStone,kqdoup,Reaping Stone,/items/rings/reapingstone.png
Ring_RedRingOfDeath,9ng83z,Red Ring of Death,/items/rings/redringofdeath.png
Ring_ReroutingCable,48r4bl,Rerouting Cable,/items/rings/reroutingcable.png
Ring_ReserveBoostingGem,ucm4yv,Reserve Boosting Gem,/items/rings/reserveboostinggem.png
Ring_RestrictionCord,eznhcv,Restriction Cord,/items/rings/restrictioncord.png
Ring_RingOfAshes,1hx3g8,Ring of Ashes,/items/rings/ringofashes.png
Ring_RingOfBones,d9mtz2,Ring of Bones,/items/rings/ringofbones.png
Ring_RingOfCrisis,378qz0,Ring of Crisis,/items/rings/ringofcrisis.png
Ring_RingOfDeflection,ie648z,Ring of Deflection,/items/rings/ringofdeflection.png
Ring_RingOfDiversion,ubqgie,Ring of Diversion,/items/rings/ringofdiversion.png
Ring_RingOfFlawedBeauty,lx6all,Ring of Flawed Beauty,/items/rings/flawedbeauty.png
Ring_RingOfGrace,ne83ro,Ring of Grace,/items/rings/ringofgrace.png
Ring_RingOfInfiniteDamage,0yfahk,Ring of Infinite Damage,/items/rings/ringofinfinitedamage.png
Ring_RingOfOmens,1gnt2c,Ring of Omens,/items/rings/ringofomens.png
Ring_RingOfOrdnance,RDi2ad,Ring of Ordnance,/items/rings/ringofordnance.png
Ring_RingOfRestocking,3aryrr,Ring of Restocking,/items/rings/ringofrestocking.png
Ring_RingOfRetribution,8ejbuu,Ring of Retribution,/items/rings/ringofretribution.png
Ring_RingOfSpirits,ic39X7,Ring of Spirits,/items/rings/ringofspirits.png
Ring_RingOfTheAdmiral,9kcrxa,Worn Admiral's Ring,/items/rings/wornadmiralsring.png
Ring_RingOfTheCastaway,aqo8pe,Ring of the Castaway,/items/rings/ringofthecastaway.png
Ring_RingOfTheForestSpirit,wvtzrn,Ring of the Forest Spirit,/items/rings/ringoftheforestspirit.png
Ring_RingOfTheRobust,qdxm42,Ring of the Robust,/items/rings/ringoftherobust.png
Ring_RingOfTheVain,g61t33,Ring of the Vain,/items/rings/ringofthevain.png
Ring_RockOfAnguish,lr4wxu,Rock of Anguish,/items/rings/rockofanguish.png
Ring_Rotward,hvhbv9,Rotward,/items/rings/rotward.png
Ring_RustedHeirloom,i544v3,Rusted Heirloom,/items/rings/rustedheirloom.png
Ring_Sagestone,pl1g6b,Sagestone,/items/rings/sagestone.png
Ring_SapphireDreamstone,v65mav,Sapphire Dreamstone,/items/rings/sapphiredreamstone.png
Ring_SealedResinLoop,RA6NZn,Sealed Resin Loop,/items/rings/sealedresinloop.png
Ring_SealOfTheEmpress,pqd4vp,Seal of the Empress,/items/rings/sealoftheempress.png
Ring_SecurityHalfMeasure,acmch3,Security Half-Measure,/items/rings/securityhalfmeasure.png
Ring_ShadowOfMisery,8bhhzo,Shadow of Misery,/items/rings/shadowofmisery.png
Ring_ShaedStone,ylif78,Shaed Stone,/items/rings/shaedstone.png
Ring_ShardBandedRing,13vsn5,Shard Banded Ring,/items/rings/shardbandedring.png
Ring_ShieldAlternator,fsh7tv,Shield Alternator,/items/rings/shieldalternator.png
Ring_ShinyHogLure,08cb3s,Shiny Hog Lure,/items/rings/shinyhoglure.png
Ring_SingedRing,cpxk1d,Singed Ring,/items/rings/singedring.png
Ring_SiphonFilter,3nifjz,Siphon Filter,/items/rings/siphonfilter.png
Ring_SlayersCrest,0e7ll0,Slayer's Crest,/items/rings/slayerscrest.png
Ring_SoulFeast,8kotd5,Soul Feast,/items/rings/soulfeast.png
Ring_SoulGuard,8kotg5,Soul Guard,/items/rings/soulguard.png
Ring_SoulLink,ohlt19,Soul Link,/items/rings/soullink.png
Ring_SoulShard,uswo9w,Soul Shard,/items/rings/soulshard.png
Ring_SpiritAlternator,LfHjW4,Spirit Alternator,/items/rings/spiritalternator.png
Ring_SpiritStone,58hv43,Spirit Stone,/items/rings/spiritstone.png
Ring_StockpileCharger,0jnimt,Stockpile Charger,/items/rings/stockpilecharger.png
Ring_StoneOfBalance,c20p9b,Stone of Balance,/items/rings/stoneofbalance.png
Ring_StoneOfContinuance,leuefm,Stone of Continuance,/items/rings/stoneofcontinuance.png
Ring_StoneOfExpanse,efdw51,Stone of Expanse,/items/rings/stoneofexpanse.png
Ring_StoneOfMalevolence,kx65km,Stone of Malevolence,/items/rings/stoneofmalevolence.png
Ring_StoneOfRevelation,zmj6n9,Stone of Revelation,/items/rings/stoneofrevelation.png
Ring_StreamCoupler,jq4dje,Stream Coupler,/items/rings/streamcoupler.png
Ring_StrongArmBand,jbfxsb,Ring of the Damned,/items/rings/ringofthedamned.png
Ring_SubterfugeLink,al5vs8,Subterfuge Link,/items/rings/subterfugelink.png
Ring_SuppressionWard,44my16,Suppression Ward,/items/rings/suppressionward.png
Ring_SymbolOfRoyalty,362ynf,Symbol of Royalty,/items/rings/symbolofroyalty.png
Ring_TargetingJewel,m2uqsh,Targeting Jewel,/items/rings/targetingjewel.png
Ring_TarnishedRing,w4xzfq,Tarnished Ring,/items/rings/tarnishedring.png
Ring_TearOfKaeula,qv7e2g,Tear of Kaeula,/items/rings/tearofkaeula.png
Ring_TearOfLydusa,k90sex,Tear of Lydusa,/items/rings/tearoflydusa.png
Ring_TempestConduit,4bb4gf,Tempest Conduit,/items/rings/tempestconduit.png
Ring_ThalosEyelet,6mopod,Thalos Eyelet,/items/rings/thaloseyelet.png
Ring_TightlyWoundCoil,3pe83i,Tightly Wound Coil,/items/rings/tightlywoundcoil.png
Ring_TimekeepersJewel,3uggz9,Timekeeper's Jewel,/items/rings/timekeepersjewel.png
Ring_TokenOfFavor,qv7e2gx,Token of Favor,/items/rings/tokenoffavor.png
Ring_ToleranceBand,80psct,Tolerance Band,/items/rings/toleranceband.png
Ring_TombDwellersRing,6mopou,Tomb Dweller's Ring,/items/rings/tombdwellersring.png
Ring_VacuumSeal,hnkpp0,Vacuum Seal,/items/rings/vacuumseal.png
Ring_VestigeOfPower,e6zmo5,Vestige of Power,/items/rings/vestigeofpower.png
Ring_WaxSealedRing,ekm1hx,Wax Sealed Ring,/items/rings/waxsealedring.png
Ring_WhiteGlassBead,etgc4h,White Glass Bead,/items/rings/whiteglassbead.png
Ring_WhitePawnStamp,irhphl,White Pawn Stamp,/items/rings/whitepawnstamp.png
Ring_WindHollowCirclet,tx475e,Wind Hollow Circlet,/items/rings/windhollowcirclet.png
Ring_WiredInhibitor,0j6y53,Wired Inhibitor,/items/rings/wiredinhibitor.png
Ring_WoodRing,uwq264,Wood Ring,/items/rings/woodring.png
Ring_ZaniasMalice,ukufrn,Zania's Malice,/items/rings/zaniasmalice.png
Ring_ZoheesRing,9fe9kj,Zohee's Ring,/items/rings/zoheesring.png
Skill_Aimable_QuickDraw,qdxjt7,Quick Draw,/items/skills/gunslinger_quickdraw.png
Skill_AlchemistVial_ElixirOfLife,76554i,Vial: Elixir of Life,/items/skills/alchemist_elixiroflife.png
Skill_AlchemistVial_FrenzyDust,xsniv3,Vial: Frenzy Dust,/items/skills/alchemist_frenzydust.png
Skill_AlchemistVial_StoneMist,y7ia9t,Vial: Stone Mist,/items/skills/alchemist_stonemist.png
Skill_AttackDog,8trtzh,Attack Dog,/items/skills/handler_attack.png
Skill_Battlecry_Juggernaut,p7x9pq,Juggernaut,/items/skills/challenger_juggernaut.png
Skill_Bulletstorm,xpqq62,Bulletstorm,/items/skills/gunslinger_bulletstorm.png
Skill_ChaosGate,9w7c5j,Chaos Gate,/items/skills/archon_chaosgate.png
Skill_Deathwish,ux5f9v,Deathwish,/items/skills/ritualist_deathwish.png
Skill_Deployable_FlameThrower,6fk8ea,Heavy Weapon: Flamethrower,/items/skills/engineer_flamethrower.png
Skill_Deployable_Gatling,pgmn4v,Heavy Weapon: Vulcan,/items/skills/engineer_gatling.png
Skill_Deployable_ImpactCannon,ki92op,Heavy Weapon: Impact Cannon,/items/skills/engineer_impactcannon.png
Skill_DroneCombat,tt4r61,Drone: Combat,/items/skills/warden_drone_combat.png
Skill_DroneHeal,966uvg,Drone: Heal,/items/skills/warden_drone_heal.png
Skill_DroneShield,wqicx7,Drone: Shield,/items/skills/warden_drone_shield.png
Skill_Eruption,amqa83,Eruption,/items/skills/ritualist_eruption.png
Skill_FortuneHunter,dajt58,Fortune Hunter,/items/skills/explorer_fortunehunter.png
Skill_GoldDigger,a2cik2,Gold Digger,/items/skills/explorer_golddigger.png
Skill_GuardDog,gpr2fw,Guard Dog,/items/skills/handler_guard.png
Skill_HavocForm,y72au6,Havoc Form,/items/skills/archon_havocform.png
Skill_HealingSurge,8pu6y2,Healing Shield,/items/skills/medic_healingshield.png
Skill_HuntersFocus,5jh6qr,Hunter,/items/skills/hunter_focus.png
Skill_HuntersMark,jg82hi,Hunter,/items/skills/hunter_huntersmark.png
Skill_HuntersShroud,ufkx9q,Hunter,/items/skills/hunter_huntersshroud.png
Skill_Miasma,3er3og,Miasma,/items/skills/ritualist_miasma.png
Skill_Plainswalker,a585sp,Plainswalker,/items/skills/explorer_plainswalker.png
Skill_Rampage,wyw9r4,Rampage,/items/skills/challenger_rampage.png
Skill_RealityRune,i3ddi7,Reality Rune,/items/skills/archon_realityrune.png
Skill_Reboot,xx6sib,Reboot,/items/skills/invader_reboot.png
Skill_Redemption,zs77cb,Redemption,/items/skills/medic_redemption.png
Skill_Sidewinder,jn34u8,Sidewinder,/items/skills/gunslinger_sidewinder.png
Skill_SummonBruteMinion,gs8zdv,Minion: Reaver,/items/skills/summoner_reaver.png
Skill_SummonFlyerMinion,o7pvqx,Minion: Flyer,/items/skills/summoner_flyer.png
Skill_SummonHollowMinion,kk4yre,Minion: Hollow,/items/skills/summoner_hollow.png
Skill_SupportDog_Command,jz6x2w,Support Dog,/items/skills/handler_support.png
Skill_VoidCloak,hvcxo8,Void Cloak,/items/skills/invader_voidcloak.png
Skill_WarStomp,qnz5iw,War Stomp,/items/skills/challenger_warstomp.png
Skill_WayOfForest,7DnBmE,Way of Meidra,/items/skills/invoker_wayofmeidra.png
Skill_WayOfSand,T2xA6c,Way of Lydusa,/items/skills/invoker_wayoflydusa.png
Skill_WayOfWater,h4B9dD,Way of Kaeula,/items/skills/invoker_wayofkaeula.png
Skill_Wellspring,7vtxrx,Wellspring,/items/skills/medic_wellspring.png
Skill_WormHole,y9oqq6,Worm Hole,/items/skills/invader_wormhole.png
Trait_Affliction,dj8zx4,Affliction,/items/traits/affliction.png
Trait_AmmoReserves,wu3w8t,Ammo Reserves,/items/traits/ammoreserves.png
Trait_Amplitude,pb5neu,Amplitude,/items/traits/amplitude.png
Trait_ArcaneStrike,6o5ckl,Arcane Strike,/items/traits/arcanestrike.png
Trait_Barkskin,2vgobq,Barkskin,/items/traits/barkskin.png
Trait_Barrier,9c311c,Barrier,/items/traits/barrier.png
Trait_BloodBond,1ke6u2,Blood Bond,/items/traits/bloodbond.png
Trait_Bloodstream,yvttbq,Bloodstream,/items/traits/bloodstream.png
Trait_Chakra,k8sebP,Chakra,/items/traits/chakra.png
Trait_DarkPact,mjkf4t,Dark Pact,/items/traits/darkpact.png
Trait_Endurance,wgzz0q,Endurance,/items/traits/endurance.png
Trait_Expertise,6kxk5x,Expertise,/items/traits/expertise.png
Trait_Fitness,qcvmt0,Fitness,/items/traits/fitness.png
Trait_FlashCaster,m6i4dl,Flash Caster,/items/traits/flashcaster.png
Trait_Footwork,ay1dkh,Footwork,/items/traits/footwork.png
Trait_Fortify,osj7se,Fortify,/items/traits/fortify.png
Trait_Gifted,c9af3B,Gifted,/items/traits/gifted.png
Trait_Glutton,cvsois,Glutton,/items/traits/glutton.png
Trait_Handling,8baa52,Handling,/items/traits/handling.png
Trait_Insight,3kbtu8,Insight,/items/traits/insight1.png
Trait_Kinship,vn3gsg,Kinship,/items/traits/kinship.png
Trait_Leech,o6mx3t,Leech,/items/traits/leech.png
Trait_Longshot,157qcj,Longshot,/items/traits/longshot.png
Trait_Perception,7pxnhi,Perception,/items/traits/perception.png
Trait_Potency,v1uiyd,Potency,/items/traits/potency.png
Trait_Preservation,gq7w6z,Preservation,/items/traits/preservation.png
Trait_Recovery,7z3ejv,Recovery,/items/traits/recovery.png
Trait_Regrowth,ysp1wu,Regrowth,/items/traits/regrowth.png
Trait_Resolute,7z3ejd,Resolute,/items/traits/resolute.png
Trait_Revivalist,a4idgl,Revivalist,/items/traits/revivalist.png
Trait_Rugged,ykxzf1,Rugged,/items/traits/rugged.png
Trait_Scholar,6j7cn1,Scholar,/items/traits/scholar.png
Trait_Shadeskin,jk0ot9,Shadeskin,/items/traits/shadeskin.png
Trait_Siphoner,x9umnf,Siphoner,/items/traits/siphoner.png
Trait_Spirit,p4b2v6,Spirit,/items/traits/spirit.png
Trait_StrongBack,sd2hry,Strong Back,/items/traits/strongback.png
Trait_Swiftness,3ochlm,Swiftness,/items/traits/swiftness.png
Trait_Triage,pbak5a,Triage,/items/traits/triage.png
Trait_Untouchable,pkmmg6,Untouchable,/items/traits/untouchable.png
Trait_Vigor,o6mx2t,Vigor,/items/traits/vigor.png
Weapon_AbyssalHook,sd4nzf,Abyssal Hook,/items/weapons/abyssalhook.png
Weapon_AlphaOmega,1ub6k9,Alpha / Omega,/items/weapons/alphaomega.png
Weapon_Anguish,r2o474,Anguish,/items/weapons/anguish.png
Weapon_Aphelion,3wprfw,Aphelion,/items/weapons/aphelion.png
Weapon_AssassinsDagger,bv9wps,Bloodthirst,/items/weapons/assassinsdagger.png
Weapon_AssaultRifle,phh1xe,Blackmaw AR-47,/items/weapons/blackmawar47.png
Weapon_AtomSmasher,lrk5hf,Atom Smasher,/items/weapons/atomsmasher.png
Weapon_AtomSplitter,e7c88o,Atom Splitter,/items/weapons/atomsplitter.png
Weapon_AutoShotgun,va7cfd,"AS-10 ""Bulldog""",/items/weapons/bulldog.png
Weapon_BasicShovel,vpEWS5,Shovel,/items/weapons/shovel.png
Weapon_BlackGreatsword,71k6w5,Black Greatsword,/items/weapons/blackgreatsword.png
Weapon_BladeOfGul,nxfxlp,Blade of Gul,/items/weapons/bladeofgul.png
Weapon_BoltDriver,d388ma,Bolt Driver,/items/weapons/boltdriver.png
Weapon_BoneChopper,e6y7fy,Bone Chopper,/items/weapons/bonechopper.png
Weapon_Bow,8ouocq,Royal Hunting Bow,/items/weapons/royalhuntingbow.png
Weapon_Claws,6odjqi,Rusted Claws,/items/weapons/rustedclaws.png
Weapon_CoachGun,i0hvy8,Coach Gun,/items/weapons/coachgun.png
Weapon_CorruptedAphelion,w85ya8,Corrupted Aphelion,/items/weapons/corruptedaphelion.png
Weapon_CorruptedCubeGun,mSSxW6,Corrupted Cube Gun,/items/weapons/corruptedcubegun.png
Weapon_CorruptedDeceit,k9w4yh,Corrupted Deceit,/items/weapons/corrupteddeceit.png
Weapon_CorruptedMerciless,8i85za,Corrupted Merciless,/items/weapons/corruptedmerciless.png
Weapon_CorruptedMeridian,yw1btj,Corrupted Meridian,/items/weapons/corruptedmeridian.png
Weapon_CorruptedNebula,8u8j4G,Corrupted Nebula,/items/weapons/corruptednebula.png
Weapon_CorruptedRunePistol,id5pbt,Corrupted Rune Pistol,/items/weapons/corruptedrunepistol.png
Weapon_CorruptedSavior,W6n2mT,Corrupted Savior,/items/weapons/corruptedsavior.png
Weapon_CorruptedSorrow,zrP64k,Corrupted Sorrow,/items/weapons/corruptedsorrow.png
Weapon_CorruptedTwistedArbalest,Gkemt8,Corrupted Arbalest,/items/weapons/corruptedarbalest.png
Weapon_CrescentMoon,p7wc7k,Crescent Moon,/items/weapons/crescentmoon.png
Weapon_Crossbow,x94ze2,Crossbow,/items/weapons/crossbow.png
Weapon_CrystalStaff,CMo9vJ,Crystal Staff,/items/weapons/crystalstaff.png
Weapon_CubeGun,zn3boo,Cube Gun,/items/weapons/cubegun.png
Weapon_DarkMatterGauntlets,p1o9av,Dark Matter Gauntlets,/items/weapons/darkmattergauntlets.png
Weapon_DecayedClaws,y1a0bu,Decayed Claws,/items/weapons/decayedclaws.png
Weapon_Deceit,hlmpjl,Deceit,/items/weapons/deceit.png
Weapon_Dreamcatcher,3sxr9y,Dreamcatcher,/items/weapons/dreamcatcher.png
Weapon_EdgeOfTheForest,6c7rqm,Edge of the Forest,/items/weapons/edgeoftheforest.png
Weapon_Enigma,d06hjq,Enigma,/items/weapons/enigma.png
Weapon_FeralJudgment,umb305,Feral Judgement,/items/weapons/feraljudgement.png
Weapon_Flail,ji6tpl,Steel Flail,/items/weapons/steelflail.png
Weapon_Genesis,okmk07,Genesis,/items/weapons/genesis.png
Weapon_Godsplitter,a23oaa,Godsplitter,/items/weapons/godsplitter.png
Weapon_Greatsword,5wy88e,Iron Greatsword,/items/weapons/irongreatsword.png
Weapon_Hammer,a88cg7,Scrap Hammer,/items/weapons/hammer.png
Weapon_HarvesterScythe,5xx5zt,Harvester Scythe,/items/weapons/harvesterscythe.png
Weapon_Hatchet,wtj6mq,Scrap Hatchet,/items/weapons/hatchet.png
Weapon_Hellfire,797iqq,Hellfire,/items/weapons/hellfire.png
Weapon_HerosSword,5o3cq4,Energy Wave,/items/weapons/herossword.png
Weapon_HuntingPistol,50i9nj,Sureshot,/items/weapons/huntingpistol.png
Weapon_Huntmaster,cda7lb,Huntmaster M1,/items/weapons/huntmaster.png
Weapon_HuntressSpear,0jefkc,Huntress Spear,/items/weapons/huntressspear.png
Weapon_Katana,0cnwdx,Steel Katana,/items/weapons/steelkatana.png
Weapon_KnuckleDusters,as4bt4,Knuckle Dusters,/items/weapons/knuckledusters.png
Weapon_KrellAxe,5gl3la,Krell Axe,/items/weapons/krellaxe.png
Weapon_LabyrinthStaff,gts5dh,Labyrinth Staff,/items/weapons/labyrinthstaff.png
Weapon_LeverAction,5aninv,Wrangler 1860,/items/weapons/leveraction.png
Weapon_LeverAction_Rusty,gv6yzu,Rusty Lever Action,/items/weapons/leveractionrusted.png
Weapon_LMG,rbpz53,"XMG57 ""Bonesaw""",/items/weapons/bonesaw.png
Weapon_MachinePistol,xj5syj,Tech 22,/items/weapons/tech22.png
Weapon_Magnum,46cwa6,Silverback Model 500,/items/weapons/magnum.png
Weapon_Merciless,g3esv1,Merciless,/items/weapons/merciless.png
Weapon_Meridian,1ziutf,Meridian,/items/weapons/meridian.png
Weapon_Mirage,6j7c6k,Mirage,/items/weapons/mirage.png
Weapon_Monarch,76622z,Monarch,/items/weapons/monarch.png
Weapon_Monolith,WjE2nZ,Monolith,/items/weapons/monolith.png
Weapon_Monorail,oz9amG,Monorail,/items/weapons/monorail.png
Weapon_Nebula,p7tsxr,Nebula,/items/weapons/nebula.png
Weapon_Nightfall,2fdvrf,Nightfall,/items/weapons/nightfall.png
Weapon_Nightshade,6j7czk,Nightshade,/items/weapons/nightshade.png
Weapon_OrnateBlade,0wto7p,Ornate Blade,/items/weapons/ornateblade.png
Weapon_OrnateFlail,pwuhho,Ornate Flail,/items/weapons/ornateflail.png
Weapon_PlasmaCutter,7nwwzn,Plasma Cutter,/items/weapons/plasmacutter.png
Weapon_Polygun,polgun,Polygun,/items/weapons/polygun.png
Weapon_PulseRifle,vldebv,Pulse Rifle,/items/weapons/pulserifle.png
Weapon_RebellionSpear,qy94qr,Rebellion Spear,/items/weapons/rebellionspear.png
Weapon_RedDoeStaff,oazjm0,Red Doe Staff,/items/weapons/reddoestaff.png
Weapon_Redeemer,0kob6g,Redeemer,/items/weapons/redeemer.png
Weapon_RepairTool,5go8dn,Repair Tool,/items/weapons/repairtool.png
Weapon_Repeater,pbtmmj,Repeater Pistol,/items/weapons/repeater.png
Weapon_Repeater_Rusty,t412us,Rusty Repeater,/items/weapons/rustyrepeater.png
Weapon_Repulsor,v6zmn3,Repulsor,/items/weapons/repulsor.png
Weapon_Revolver,hk5uls,Western Classic,/items/weapons/westernclassic.png
Weapon_RitualistScythe,7hoogs,Ritualist Scythe,/items/weapons/scytheritualist.png
Weapon_RoyalBroadsword,wogdou,Royal Broadsword,/items/weapons/royalbroadsword.png
Weapon_RunePistol,2pblgq,Rune Pistol,/items/weapons/runepistol.png
Weapon_RuptureCannon,xzlpao,Rupture Cannon,/items/weapons/rupturecannon.png
Weapon_Sagittarius,t0cb8d,Sagittarius,/items/weapons/sagittarius.png
Weapon_Savior,2jrbvl,Savior,/items/weapons/savior.png
Weapon_Scythe,2po1q8,Steel Scythe,/items/weapons/scythescrap.png
Weapon_ServicePistol,g34ywl,Service Pistol,/items/weapons/servicepistol.png
Weapon_ShortBarrel,ztz84h,Double Barrel,/items/weapons/shortbarrel.png
Weapon_Shotgun,8n3e07,Ford's Scattergun,/items/weapons/shotgun.png
Weapon_SMG,ty2gsi,MP60-R,/items/weapons/mp60r.png
Weapon_Smolder,d0usz6,Smolder,/items/weapons/smolder.png
Weapon_SniperRifle,fqdvas,Widowmaker,/items/weapons/sniperrifle.png
Weapon_Sorrow,u2z8i3,Sorrow,/items/weapons/sorrow.png
Weapon_Sparkfire,3r9jm7,Sparkfire Shotgun,/items/weapons/sparkfireshotgun.png
Weapon_Spear,vbzlfk,Steel Spear,/items/weapons/steelspear.png
Weapon_SpectralBlade,l3zte1,Spectral Blade,/items/weapons/spectralblade.png
Weapon_Sporebloom,q3fgj2,Sporebloom,/items/weapons/sporebloom.png
Weapon_Staff,fp5yi4,Scrap Staff,/items/weapons/scrapstaff.png
Weapon_Starkiller,hzmyu1,Starkiller,/items/weapons/starkiller.png
Weapon_StarShot,tldnuq,Star Shot,/items/weapons/starshot.png
Weapon_Stonebreaker,b4g4q0,Stonebreaker,/items/weapons/stonebreaker.png
Weapon_Sword,zsb5g1,Steel Sword,/items/weapons/sword.png
Weapon_TalRatha_Hammer,c58759,Gas Giant,/items/weapons/gasgiant.png
Weapon_Thorn,13hsqd,Thorn,/items/weapons/thorn.png
Weapon_TommyGun,59oddb,Chicago Typewriter,/items/weapons/tommygun.png
Weapon_Trinitycrossbow,13hsq6,Trinity Crossbow,/items/weapons/trinitycrossbow.png
Weapon_TwistedArbalest,13hsq0,Twisted Arbalest,/items/weapons/twistedarbalest.png
Weapon_ViceGrips,ygwrpd,Vice Grips,/items/weapons/vicegrips.png
Weapon_WorldsEdge,gilcfn,Horizon Strike,/items/weapons/worldsedge.png
Weapon_Wrathbringer,mq5fnr,Wrathbringer,/items/weapons/wrathbringer.png
